--
-- PostgreSQL database dump
--

-- Dumped from database version 14.2
-- Dumped by pg_dump version 14.2

SET statement_timeout = 0;
SET lock_timeout = 0;
SET idle_in_transaction_session_timeout = 0;
SET client_encoding = 'UTF8';
SET standard_conforming_strings = on;
SELECT pg_catalog.set_config('search_path', '', false);
SET check_function_bodies = false;
SET xmloption = content;
SET client_min_messages = warning;
SET row_security = off;

ALTER TABLE ONLY public.user_profile DROP CONSTRAINT user_profile_user_id_8fdce8e2_fk_user_account_id;
ALTER TABLE ONLY public.user_emailsubscribe DROP CONSTRAINT user_emailsubscribe_user_id_c6b685d6_fk_user_account_id;
ALTER TABLE ONLY public.user_adress DROP CONSTRAINT user_adress_user_id_2905fab6_fk_user_account_id;
ALTER TABLE ONLY public.subscription_stripeaccount DROP CONSTRAINT subscription_stripea_user_id_id_6fa9130b_fk_user_acco;
ALTER TABLE ONLY public.socialaccount_socialaccount DROP CONSTRAINT socialaccount_socialaccount_user_id_8146e70c_fk_user_account_id;
ALTER TABLE ONLY public.socialaccount_socialapp_sites DROP CONSTRAINT socialaccount_social_socialapp_id_97fb6e7d_fk_socialacc;
ALTER TABLE ONLY public.socialaccount_socialapp_sites DROP CONSTRAINT socialaccount_social_site_id_2579dee5_fk_django_si;
ALTER TABLE ONLY public.socialaccount_socialtoken DROP CONSTRAINT socialaccount_social_app_id_636a42d7_fk_socialacc;
ALTER TABLE ONLY public.socialaccount_socialtoken DROP CONSTRAINT socialaccount_social_account_id_951f210e_fk_socialacc;
ALTER TABLE ONLY public.reservation_reservation DROP CONSTRAINT reservation_reservation_user_id_261c5876_fk_user_account_id;
ALTER TABLE ONLY public.reservation_reservation DROP CONSTRAINT reservation_reservation_adress_id_eff50680_fk_user_adress_id;
ALTER TABLE ONLY public.reservation_reservationitem_variation DROP CONSTRAINT reservation_reservat_variation_id_0993bcc2_fk_product_v;
ALTER TABLE ONLY public.reservation_reservationitem_variation DROP CONSTRAINT reservation_reservat_reservationitem_id_38877033_fk_reservati;
ALTER TABLE ONLY public.reservation_reservationitem DROP CONSTRAINT reservation_reservat_reservation_id_fbabf71d_fk_reservati;
ALTER TABLE ONLY public.reservation_reservationitem DROP CONSTRAINT reservation_reservat_product_id_09f41d8c_fk_product_p;
ALTER TABLE ONLY public.product_variation DROP CONSTRAINT product_variation_product_id_c2273cd9_fk_product_product_id;
ALTER TABLE ONLY public.product_size DROP CONSTRAINT product_size_product_id_0bc1e6fa_fk_product_product_id;
ALTER TABLE ONLY public.product_reviewrating DROP CONSTRAINT product_reviewrating_user_id_eb1639b0_fk_user_account_id;
ALTER TABLE ONLY public.product_reviewratinggallery DROP CONSTRAINT product_reviewrating_review_id_311ccf86_fk_product_r;
ALTER TABLE ONLY public.product_reviewrating DROP CONSTRAINT product_reviewrating_product_id_f1f1b7f2_fk_product_product_id;
ALTER TABLE ONLY public.product_product_tag DROP CONSTRAINT product_product_tag_tag_id_fe2f1952_fk_product_tag_id;
ALTER TABLE ONLY public.product_product_tag DROP CONSTRAINT product_product_tag_product_id_456d9764_fk_product_product_id;
ALTER TABLE ONLY public.product_product DROP CONSTRAINT product_product_price_id_064f753b_fk_product_price_id;
ALTER TABLE ONLY public.product_product DROP CONSTRAINT product_product_category_id_0c725779_fk_category_category_id;
ALTER TABLE ONLY public.product_product DROP CONSTRAINT product_product_brand_id_fcf1b3f3_fk_category_brand_id;
ALTER TABLE ONLY public.product_price DROP CONSTRAINT product_price_shipping_id_fb542ea1_fk_product_shipping_id;
ALTER TABLE ONLY public.product_imagegallary DROP CONSTRAINT product_imagegallary_product_id_6982fb89_fk_product_product_id;
ALTER TABLE ONLY public.notification_read DROP CONSTRAINT notification_read_content_type_id_9e905af6_fk_django_co;
ALTER TABLE ONLY public.notification_read DROP CONSTRAINT notification_read_account_id_7e504095_fk_user_account_id;
ALTER TABLE ONLY public.notification_notification DROP CONSTRAINT notification_notification_user_id_e9d6f5f4_fk_user_account_id;
ALTER TABLE ONLY public.django_rest_passwordreset_resetpasswordtoken DROP CONSTRAINT django_rest_password_user_id_e8015b11_fk_user_acco;
ALTER TABLE ONLY public.django_admin_log DROP CONSTRAINT django_admin_log_user_id_c564eba6_fk_user_account_id;
ALTER TABLE ONLY public.django_admin_log DROP CONSTRAINT django_admin_log_content_type_id_c4bce8eb_fk_django_co;
ALTER TABLE ONLY public.closet_cloth DROP CONSTRAINT closet_cloth_product_id_95f91934_fk_product_product_id;
ALTER TABLE ONLY public.closet_cloth DROP CONSTRAINT closet_cloth_closet_id_7ba57a5c_fk_closet_closet_id;
ALTER TABLE ONLY public.closet_closet DROP CONSTRAINT closet_closet_user_id_dbc29681_fk_user_account_id;
ALTER TABLE ONLY public.category_category DROP CONSTRAINT category_category_type_id_840d3ebd_fk_category_type_id;
ALTER TABLE ONLY public.cart_cartitem_variation DROP CONSTRAINT cart_cartitem_variat_variation_id_59bfc420_fk_product_v;
ALTER TABLE ONLY public.cart_cartitem_variation DROP CONSTRAINT cart_cartitem_variat_cartitem_id_9f0105e3_fk_cart_cart;
ALTER TABLE ONLY public.cart_cartitem DROP CONSTRAINT cart_cartitem_product_id_b24e265a_fk_product_product_id;
ALTER TABLE ONLY public.cart_cartitem DROP CONSTRAINT cart_cartitem_cart_id_370ad265_fk_cart_cart_id;
ALTER TABLE ONLY public.cart_cart DROP CONSTRAINT cart_cart_user_id_9b4220b9_fk_user_account_id;
ALTER TABLE ONLY public.auth_permission DROP CONSTRAINT auth_permission_content_type_id_2f476e4b_fk_django_co;
ALTER TABLE ONLY public.auth_group_permissions DROP CONSTRAINT auth_group_permissions_group_id_b120cbf9_fk_auth_group_id;
ALTER TABLE ONLY public.auth_group_permissions DROP CONSTRAINT auth_group_permissio_permission_id_84c5c92e_fk_auth_perm;
ALTER TABLE ONLY public.analytics_featuredbrand DROP CONSTRAINT analytics_featuredbrand_brand_id_be328048_fk_category_brand_id;
ALTER TABLE ONLY public.analytics_featured DROP CONSTRAINT analytics_featured_product_id_500cf333_fk_product_product_id;
ALTER TABLE ONLY public.analytics_cartadditem DROP CONSTRAINT analytics_cardadditem_product_id_3e0d881e_fk_product_product_id;
ALTER TABLE ONLY public.analytics_cartadditem DROP CONSTRAINT analytics_cardadditem_brand_id_863beb43_fk_category_brand_id;
ALTER TABLE ONLY public.account_history_favorite DROP CONSTRAINT account_history_favorite_user_id_b09114cd_fk_user_account_id;
ALTER TABLE ONLY public.account_history_favorite DROP CONSTRAINT account_history_favo_product_id_cf3aefa8_fk_product_p;
ALTER TABLE ONLY public.account_emailconfirmation DROP CONSTRAINT account_emailconfirm_email_address_id_5b7f8c58_fk_account_e;
ALTER TABLE ONLY public.account_emailaddress DROP CONSTRAINT account_emailaddress_user_id_2c513194_fk_user_account_id;
DROP INDEX public."user_adress_phoneNubmer_45f212eb_like";
DROP INDEX public.user_account_email_d74bf2f6_like;
DROP INDEX public.socialaccount_socialtoken_app_id_636a42d7;
DROP INDEX public.socialaccount_socialtoken_account_id_951f210e;
DROP INDEX public.socialaccount_socialapp_sites_socialapp_id_97fb6e7d;
DROP INDEX public.socialaccount_socialapp_sites_site_id_2579dee5;
DROP INDEX public.socialaccount_socialaccount_user_id_8146e70c;
DROP INDEX public.reservation_reservationitem_variation_variation_id_0993bcc2;
DROP INDEX public.reservation_reservationitem_reservation_id_fbabf71d;
DROP INDEX public.reservation_reservationitem_product_id_09f41d8c;
DROP INDEX public.reservation_reservationite_reservationitem_id_38877033;
DROP INDEX public.reservation_reservation_user_id_261c5876;
DROP INDEX public.reservation_reservation_adress_id_eff50680;
DROP INDEX public.product_variation_product_id_c2273cd9;
DROP INDEX public.product_tag_tag_name_d9b5a836_like;
DROP INDEX public.product_size_product_id_0bc1e6fa;
DROP INDEX public.product_reviewratinggallery_review_id_311ccf86;
DROP INDEX public.product_reviewrating_user_id_eb1639b0;
DROP INDEX public.product_reviewrating_product_id_f1f1b7f2;
DROP INDEX public.product_product_tag_tag_id_fe2f1952;
DROP INDEX public.product_product_tag_product_id_456d9764;
DROP INDEX public.product_product_price_id_064f753b;
DROP INDEX public.product_product_category_id_0c725779;
DROP INDEX public.product_product_brand_id_fcf1b3f3;
DROP INDEX public.product_price_shipping_id_fb542ea1;
DROP INDEX public.product_imagegallary_product_id_6982fb89;
DROP INDEX public.notification_read_content_type_id_9e905af6;
DROP INDEX public.notification_read_account_id_7e504095;
DROP INDEX public.notification_notification_user_id_e9d6f5f4;
DROP INDEX public.django_site_domain_a2e37b91_like;
DROP INDEX public.django_session_session_key_c0390e0f_like;
DROP INDEX public.django_session_expire_date_a5c62663;
DROP INDEX public.django_rest_passwordreset_resetpasswordtoken_user_id_e8015b11;
DROP INDEX public.django_rest_passwordreset_resetpasswordtoken_key_f1b65873_like;
DROP INDEX public.django_admin_log_user_id_c564eba6;
DROP INDEX public.django_admin_log_content_type_id_c4bce8eb;
DROP INDEX public.closet_cloth_product_id_95f91934;
DROP INDEX public.closet_cloth_closet_id_7ba57a5c;
DROP INDEX public.closet_closet_user_id_dbc29681;
DROP INDEX public.category_type_type_name_d9b1311c_like;
DROP INDEX public.category_category_type_id_840d3ebd;
DROP INDEX public.category_category_category_name_1aa3ee61_like;
DROP INDEX public.category_brand_brand_name_2c630678_like;
DROP INDEX public.cart_cartitem_variation_variation_id_59bfc420;
DROP INDEX public.cart_cartitem_variation_cartitem_id_9f0105e3;
DROP INDEX public.cart_cartitem_product_id_b24e265a;
DROP INDEX public.cart_cartitem_cart_id_370ad265;
DROP INDEX public.cart_cart_user_id_9b4220b9;
DROP INDEX public.auth_permission_content_type_id_2f476e4b;
DROP INDEX public.auth_group_permissions_permission_id_84c5c92e;
DROP INDEX public.auth_group_permissions_group_id_b120cbf9;
DROP INDEX public.auth_group_name_a6ea08ec_like;
DROP INDEX public.analytics_featuredbrand_brand_id_be328048;
DROP INDEX public.analytics_featured_product_id_500cf333;
DROP INDEX public.analytics_cardadditem_product_id_3e0d881e;
DROP INDEX public.analytics_cardadditem_brand_id_863beb43;
DROP INDEX public.account_history_favorite_user_id_b09114cd;
DROP INDEX public.account_history_favorite_product_id_cf3aefa8;
DROP INDEX public.account_emailconfirmation_key_f43612bd_like;
DROP INDEX public.account_emailconfirmation_email_address_id_5b7f8c58;
DROP INDEX public.account_emailaddress_user_id_2c513194;
DROP INDEX public.account_emailaddress_email_03be32b2_like;
ALTER TABLE ONLY public.user_profile DROP CONSTRAINT user_profile_user_id_key;
ALTER TABLE ONLY public.user_profile DROP CONSTRAINT user_profile_pkey;
ALTER TABLE ONLY public.user_emailsubscribe DROP CONSTRAINT user_emailsubscribe_pkey;
ALTER TABLE ONLY public.user_emailsubscribe DROP CONSTRAINT user_emailsubscribe_email_subscirbe_id_key;
ALTER TABLE ONLY public.user_adress DROP CONSTRAINT user_adress_user_id_key;
ALTER TABLE ONLY public.user_adress DROP CONSTRAINT user_adress_pkey;
ALTER TABLE ONLY public.user_adress DROP CONSTRAINT "user_adress_phoneNubmer_key";
ALTER TABLE ONLY public.user_account DROP CONSTRAINT user_account_pkey;
ALTER TABLE ONLY public.user_account DROP CONSTRAINT user_account_email_key;
ALTER TABLE ONLY public.subscription_stripeaccount DROP CONSTRAINT subscription_stripeaccount_user_id_id_key;
ALTER TABLE ONLY public.subscription_stripeaccount DROP CONSTRAINT subscription_stripeaccount_pkey;
ALTER TABLE ONLY public.socialaccount_socialtoken DROP CONSTRAINT socialaccount_socialtoken_pkey;
ALTER TABLE ONLY public.socialaccount_socialtoken DROP CONSTRAINT socialaccount_socialtoken_app_id_account_id_fca4e0ac_uniq;
ALTER TABLE ONLY public.socialaccount_socialapp_sites DROP CONSTRAINT socialaccount_socialapp_sites_pkey;
ALTER TABLE ONLY public.socialaccount_socialapp DROP CONSTRAINT socialaccount_socialapp_pkey;
ALTER TABLE ONLY public.socialaccount_socialapp_sites DROP CONSTRAINT socialaccount_socialapp__socialapp_id_site_id_71a9a768_uniq;
ALTER TABLE ONLY public.socialaccount_socialaccount DROP CONSTRAINT socialaccount_socialaccount_provider_uid_fc810c6e_uniq;
ALTER TABLE ONLY public.socialaccount_socialaccount DROP CONSTRAINT socialaccount_socialaccount_pkey;
ALTER TABLE ONLY public.reservation_reservationitem_variation DROP CONSTRAINT reservation_reservationitem_variation_pkey;
ALTER TABLE ONLY public.reservation_reservationitem DROP CONSTRAINT reservation_reservationitem_pkey;
ALTER TABLE ONLY public.reservation_reservationitem_variation DROP CONSTRAINT reservation_reservationi_reservationitem_id_varia_d6a64403_uniq;
ALTER TABLE ONLY public.reservation_reservation DROP CONSTRAINT reservation_reservation_pkey;
ALTER TABLE ONLY public.product_variation DROP CONSTRAINT product_variation_pkey;
ALTER TABLE ONLY public.product_tag DROP CONSTRAINT product_tag_tag_name_key;
ALTER TABLE ONLY public.product_tag DROP CONSTRAINT product_tag_pkey;
ALTER TABLE ONLY public.product_size DROP CONSTRAINT product_size_pkey;
ALTER TABLE ONLY public.product_shipping DROP CONSTRAINT product_shipping_pkey;
ALTER TABLE ONLY public.product_reviewratinggallery DROP CONSTRAINT product_reviewratinggallery_pkey;
ALTER TABLE ONLY public.product_reviewrating DROP CONSTRAINT product_reviewrating_pkey;
ALTER TABLE ONLY public.product_product_tag DROP CONSTRAINT product_product_tag_product_id_tag_id_c15ed811_uniq;
ALTER TABLE ONLY public.product_product_tag DROP CONSTRAINT product_product_tag_pkey;
ALTER TABLE ONLY public.product_product DROP CONSTRAINT product_product_pkey;
ALTER TABLE ONLY public.product_price DROP CONSTRAINT product_price_pkey;
ALTER TABLE ONLY public.product_imagegallary DROP CONSTRAINT product_imagegallary_pkey;
ALTER TABLE ONLY public.notification_read DROP CONSTRAINT notification_read_pkey;
ALTER TABLE ONLY public.notification_notification DROP CONSTRAINT notification_notification_pkey;
ALTER TABLE ONLY public.notification_news DROP CONSTRAINT notification_news_pkey;
ALTER TABLE ONLY public.django_site DROP CONSTRAINT django_site_pkey;
ALTER TABLE ONLY public.django_site DROP CONSTRAINT django_site_domain_a2e37b91_uniq;
ALTER TABLE ONLY public.django_session DROP CONSTRAINT django_session_pkey;
ALTER TABLE ONLY public.django_rest_passwordreset_resetpasswordtoken DROP CONSTRAINT django_rest_passwordreset_resetpasswordtoken_pkey;
ALTER TABLE ONLY public.django_rest_passwordreset_resetpasswordtoken DROP CONSTRAINT django_rest_passwordreset_resetpasswordtoken_key_f1b65873_uniq;
ALTER TABLE ONLY public.django_migrations DROP CONSTRAINT django_migrations_pkey;
ALTER TABLE ONLY public.django_content_type DROP CONSTRAINT django_content_type_pkey;
ALTER TABLE ONLY public.django_content_type DROP CONSTRAINT django_content_type_app_label_model_76bd3d3b_uniq;
ALTER TABLE ONLY public.django_admin_log DROP CONSTRAINT django_admin_log_pkey;
ALTER TABLE ONLY public.closet_cloth DROP CONSTRAINT closet_cloth_pkey;
ALTER TABLE ONLY public.closet_closet DROP CONSTRAINT closet_closet_pkey;
ALTER TABLE ONLY public.category_type DROP CONSTRAINT category_type_type_name_key;
ALTER TABLE ONLY public.category_type DROP CONSTRAINT category_type_pkey;
ALTER TABLE ONLY public.category_category DROP CONSTRAINT category_category_pkey;
ALTER TABLE ONLY public.category_category DROP CONSTRAINT category_category_category_name_key;
ALTER TABLE ONLY public.category_brand DROP CONSTRAINT category_brand_pkey;
ALTER TABLE ONLY public.category_brand DROP CONSTRAINT category_brand_brand_name_key;
ALTER TABLE ONLY public.cart_cartitem_variation DROP CONSTRAINT cart_cartitem_variation_pkey;
ALTER TABLE ONLY public.cart_cartitem_variation DROP CONSTRAINT cart_cartitem_variation_cartitem_id_variation_id_2623cf4b_uniq;
ALTER TABLE ONLY public.cart_cartitem DROP CONSTRAINT cart_cartitem_pkey;
ALTER TABLE ONLY public.cart_cart DROP CONSTRAINT cart_cart_pkey;
ALTER TABLE ONLY public.auth_permission DROP CONSTRAINT auth_permission_pkey;
ALTER TABLE ONLY public.auth_permission DROP CONSTRAINT auth_permission_content_type_id_codename_01ab375a_uniq;
ALTER TABLE ONLY public.auth_group DROP CONSTRAINT auth_group_pkey;
ALTER TABLE ONLY public.auth_group_permissions DROP CONSTRAINT auth_group_permissions_pkey;
ALTER TABLE ONLY public.auth_group_permissions DROP CONSTRAINT auth_group_permissions_group_id_permission_id_0cd325b0_uniq;
ALTER TABLE ONLY public.auth_group DROP CONSTRAINT auth_group_name_key;
ALTER TABLE ONLY public.analytics_featuredbrand DROP CONSTRAINT analytics_featuredbrand_pkey;
ALTER TABLE ONLY public.analytics_featured DROP CONSTRAINT analytics_featured_pkey;
ALTER TABLE ONLY public.analytics_cartadditem DROP CONSTRAINT analytics_cardadditem_pkey;
ALTER TABLE ONLY public.account_history_favorite DROP CONSTRAINT account_history_favorite_pkey;
ALTER TABLE ONLY public.account_emailconfirmation DROP CONSTRAINT account_emailconfirmation_pkey;
ALTER TABLE ONLY public.account_emailconfirmation DROP CONSTRAINT account_emailconfirmation_key_key;
ALTER TABLE ONLY public.account_emailaddress DROP CONSTRAINT account_emailaddress_pkey;
ALTER TABLE ONLY public.account_emailaddress DROP CONSTRAINT account_emailaddress_email_key;
ALTER TABLE public.user_emailsubscribe ALTER COLUMN id DROP DEFAULT;
ALTER TABLE public.subscription_stripeaccount ALTER COLUMN id DROP DEFAULT;
ALTER TABLE public.socialaccount_socialtoken ALTER COLUMN id DROP DEFAULT;
ALTER TABLE public.socialaccount_socialapp_sites ALTER COLUMN id DROP DEFAULT;
ALTER TABLE public.socialaccount_socialapp ALTER COLUMN id DROP DEFAULT;
ALTER TABLE public.socialaccount_socialaccount ALTER COLUMN id DROP DEFAULT;
ALTER TABLE public.reservation_reservationitem_variation ALTER COLUMN id DROP DEFAULT;
ALTER TABLE public.product_variation ALTER COLUMN id DROP DEFAULT;
ALTER TABLE public.product_tag ALTER COLUMN id DROP DEFAULT;
ALTER TABLE public.product_size ALTER COLUMN id DROP DEFAULT;
ALTER TABLE public.product_shipping ALTER COLUMN id DROP DEFAULT;
ALTER TABLE public.product_reviewrating ALTER COLUMN id DROP DEFAULT;
ALTER TABLE public.product_product_tag ALTER COLUMN id DROP DEFAULT;
ALTER TABLE public.product_imagegallary ALTER COLUMN id DROP DEFAULT;
ALTER TABLE public.notification_read ALTER COLUMN id DROP DEFAULT;
ALTER TABLE public.notification_notification ALTER COLUMN id DROP DEFAULT;
ALTER TABLE public.notification_news ALTER COLUMN id DROP DEFAULT;
ALTER TABLE public.django_site ALTER COLUMN id DROP DEFAULT;
ALTER TABLE public.django_rest_passwordreset_resetpasswordtoken ALTER COLUMN id DROP DEFAULT;
ALTER TABLE public.django_migrations ALTER COLUMN id DROP DEFAULT;
ALTER TABLE public.django_content_type ALTER COLUMN id DROP DEFAULT;
ALTER TABLE public.django_admin_log ALTER COLUMN id DROP DEFAULT;
ALTER TABLE public.closet_cloth ALTER COLUMN id DROP DEFAULT;
ALTER TABLE public.closet_closet ALTER COLUMN id DROP DEFAULT;
ALTER TABLE public.category_category ALTER COLUMN id DROP DEFAULT;
ALTER TABLE public.category_brand ALTER COLUMN id DROP DEFAULT;
ALTER TABLE public.cart_cartitem_variation ALTER COLUMN id DROP DEFAULT;
ALTER TABLE public.cart_cartitem ALTER COLUMN id DROP DEFAULT;
ALTER TABLE public.auth_permission ALTER COLUMN id DROP DEFAULT;
ALTER TABLE public.auth_group_permissions ALTER COLUMN id DROP DEFAULT;
ALTER TABLE public.auth_group ALTER COLUMN id DROP DEFAULT;
ALTER TABLE public.analytics_featuredbrand ALTER COLUMN id DROP DEFAULT;
ALTER TABLE public.analytics_featured ALTER COLUMN id DROP DEFAULT;
ALTER TABLE public.analytics_cartadditem ALTER COLUMN id DROP DEFAULT;
ALTER TABLE public.account_history_favorite ALTER COLUMN id DROP DEFAULT;
ALTER TABLE public.account_emailconfirmation ALTER COLUMN id DROP DEFAULT;
ALTER TABLE public.account_emailaddress ALTER COLUMN id DROP DEFAULT;
DROP TABLE public.user_profile;
DROP SEQUENCE public.user_emailsubscribe_id_seq;
DROP TABLE public.user_emailsubscribe;
DROP TABLE public.user_adress;
DROP TABLE public.user_account;
DROP SEQUENCE public.subscription_stripeaccount_id_seq;
DROP TABLE public.subscription_stripeaccount;
DROP SEQUENCE public.socialaccount_socialtoken_id_seq;
DROP TABLE public.socialaccount_socialtoken;
DROP SEQUENCE public.socialaccount_socialapp_sites_id_seq;
DROP TABLE public.socialaccount_socialapp_sites;
DROP SEQUENCE public.socialaccount_socialapp_id_seq;
DROP TABLE public.socialaccount_socialapp;
DROP SEQUENCE public.socialaccount_socialaccount_id_seq;
DROP TABLE public.socialaccount_socialaccount;
DROP SEQUENCE public.reservation_reservationitem_variation_id_seq;
DROP TABLE public.reservation_reservationitem_variation;
DROP TABLE public.reservation_reservationitem;
DROP TABLE public.reservation_reservation;
DROP SEQUENCE public.product_variation_id_seq;
DROP TABLE public.product_variation;
DROP SEQUENCE public.product_tag_id_seq;
DROP TABLE public.product_tag;
DROP SEQUENCE public.product_size_id_seq;
DROP TABLE public.product_size;
DROP SEQUENCE public.product_shipping_id_seq;
DROP TABLE public.product_shipping;
DROP TABLE public.product_reviewratinggallery;
DROP SEQUENCE public.product_reviewrating_id_seq;
DROP TABLE public.product_reviewrating;
DROP SEQUENCE public.product_product_tag_id_seq;
DROP TABLE public.product_product_tag;
DROP TABLE public.product_product;
DROP TABLE public.product_price;
DROP SEQUENCE public.product_imagegallary_id_seq;
DROP TABLE public.product_imagegallary;
DROP SEQUENCE public.notification_read_id_seq;
DROP TABLE public.notification_read;
DROP SEQUENCE public.notification_notification_id_seq;
DROP TABLE public.notification_notification;
DROP SEQUENCE public.notification_news_id_seq;
DROP TABLE public.notification_news;
DROP SEQUENCE public.django_site_id_seq;
DROP TABLE public.django_site;
DROP TABLE public.django_session;
DROP SEQUENCE public.django_rest_passwordreset_resetpasswordtoken_id_seq;
DROP TABLE public.django_rest_passwordreset_resetpasswordtoken;
DROP SEQUENCE public.django_migrations_id_seq;
DROP TABLE public.django_migrations;
DROP SEQUENCE public.django_content_type_id_seq;
DROP TABLE public.django_content_type;
DROP SEQUENCE public.django_admin_log_id_seq;
DROP TABLE public.django_admin_log;
DROP SEQUENCE public.closet_cloth_id_seq;
DROP TABLE public.closet_cloth;
DROP SEQUENCE public.closet_closet_id_seq;
DROP TABLE public.closet_closet;
DROP TABLE public.category_type;
DROP SEQUENCE public.category_category_id_seq;
DROP TABLE public.category_category;
DROP SEQUENCE public.category_brand_id_seq;
DROP TABLE public.category_brand;
DROP SEQUENCE public.cart_cartitem_variation_id_seq;
DROP TABLE public.cart_cartitem_variation;
DROP SEQUENCE public.cart_cartitem_id_seq;
DROP TABLE public.cart_cartitem;
DROP TABLE public.cart_cart;
DROP SEQUENCE public.auth_permission_id_seq;
DROP TABLE public.auth_permission;
DROP SEQUENCE public.auth_group_permissions_id_seq;
DROP TABLE public.auth_group_permissions;
DROP SEQUENCE public.auth_group_id_seq;
DROP TABLE public.auth_group;
DROP SEQUENCE public.analytics_featuredbrand_id_seq;
DROP TABLE public.analytics_featuredbrand;
DROP SEQUENCE public.analytics_featured_id_seq;
DROP TABLE public.analytics_featured;
DROP SEQUENCE public.analytics_cardadditem_id_seq;
DROP TABLE public.analytics_cartadditem;
DROP SEQUENCE public.account_history_favorite_id_seq;
DROP TABLE public.account_history_favorite;
DROP SEQUENCE public.account_emailconfirmation_id_seq;
DROP TABLE public.account_emailconfirmation;
DROP SEQUENCE public.account_emailaddress_id_seq;
DROP TABLE public.account_emailaddress;
SET default_tablespace = '';

SET default_table_access_method = heap;

--
-- Name: account_emailaddress; Type: TABLE; Schema: public; Owner: enclopedia_administrator
--

CREATE TABLE public.account_emailaddress (
    id integer NOT NULL,
    email character varying(254) NOT NULL,
    verified boolean NOT NULL,
    "primary" boolean NOT NULL,
    user_id uuid NOT NULL
);


ALTER TABLE public.account_emailaddress OWNER TO enclopedia_administrator;

--
-- Name: account_emailaddress_id_seq; Type: SEQUENCE; Schema: public; Owner: enclopedia_administrator
--

CREATE SEQUENCE public.account_emailaddress_id_seq
    AS integer
    START WITH 1
    INCREMENT BY 1
    NO MINVALUE
    NO MAXVALUE
    CACHE 1;


ALTER TABLE public.account_emailaddress_id_seq OWNER TO enclopedia_administrator;

--
-- Name: account_emailaddress_id_seq; Type: SEQUENCE OWNED BY; Schema: public; Owner: enclopedia_administrator
--

ALTER SEQUENCE public.account_emailaddress_id_seq OWNED BY public.account_emailaddress.id;


--
-- Name: account_emailconfirmation; Type: TABLE; Schema: public; Owner: enclopedia_administrator
--

CREATE TABLE public.account_emailconfirmation (
    id integer NOT NULL,
    created timestamp with time zone NOT NULL,
    sent timestamp with time zone,
    key character varying(64) NOT NULL,
    email_address_id integer NOT NULL
);


ALTER TABLE public.account_emailconfirmation OWNER TO enclopedia_administrator;

--
-- Name: account_emailconfirmation_id_seq; Type: SEQUENCE; Schema: public; Owner: enclopedia_administrator
--

CREATE SEQUENCE public.account_emailconfirmation_id_seq
    AS integer
    START WITH 1
    INCREMENT BY 1
    NO MINVALUE
    NO MAXVALUE
    CACHE 1;


ALTER TABLE public.account_emailconfirmation_id_seq OWNER TO enclopedia_administrator;

--
-- Name: account_emailconfirmation_id_seq; Type: SEQUENCE OWNED BY; Schema: public; Owner: enclopedia_administrator
--

ALTER SEQUENCE public.account_emailconfirmation_id_seq OWNED BY public.account_emailconfirmation.id;


--
-- Name: account_history_favorite; Type: TABLE; Schema: public; Owner: enclopedia_administrator
--

CREATE TABLE public.account_history_favorite (
    id bigint NOT NULL,
    created_at timestamp with time zone NOT NULL,
    product_id uuid NOT NULL,
    user_id uuid NOT NULL
);


ALTER TABLE public.account_history_favorite OWNER TO enclopedia_administrator;

--
-- Name: account_history_favorite_id_seq; Type: SEQUENCE; Schema: public; Owner: enclopedia_administrator
--

CREATE SEQUENCE public.account_history_favorite_id_seq
    START WITH 1
    INCREMENT BY 1
    NO MINVALUE
    NO MAXVALUE
    CACHE 1;


ALTER TABLE public.account_history_favorite_id_seq OWNER TO enclopedia_administrator;

--
-- Name: account_history_favorite_id_seq; Type: SEQUENCE OWNED BY; Schema: public; Owner: enclopedia_administrator
--

ALTER SEQUENCE public.account_history_favorite_id_seq OWNED BY public.account_history_favorite.id;


--
-- Name: analytics_cartadditem; Type: TABLE; Schema: public; Owner: enclopedia_administrator
--

CREATE TABLE public.analytics_cartadditem (
    id bigint NOT NULL,
    view integer NOT NULL,
    brand_id integer NOT NULL,
    product_id uuid NOT NULL
);


ALTER TABLE public.analytics_cartadditem OWNER TO enclopedia_administrator;

--
-- Name: analytics_cardadditem_id_seq; Type: SEQUENCE; Schema: public; Owner: enclopedia_administrator
--

CREATE SEQUENCE public.analytics_cardadditem_id_seq
    START WITH 1
    INCREMENT BY 1
    NO MINVALUE
    NO MAXVALUE
    CACHE 1;


ALTER TABLE public.analytics_cardadditem_id_seq OWNER TO enclopedia_administrator;

--
-- Name: analytics_cardadditem_id_seq; Type: SEQUENCE OWNED BY; Schema: public; Owner: enclopedia_administrator
--

ALTER SEQUENCE public.analytics_cardadditem_id_seq OWNED BY public.analytics_cartadditem.id;


--
-- Name: analytics_featured; Type: TABLE; Schema: public; Owner: enclopedia_administrator
--

CREATE TABLE public.analytics_featured (
    id bigint NOT NULL,
    view integer NOT NULL,
    url character varying(200) NOT NULL,
    created_at timestamp with time zone NOT NULL,
    product_id uuid NOT NULL
);


ALTER TABLE public.analytics_featured OWNER TO enclopedia_administrator;

--
-- Name: analytics_featured_id_seq; Type: SEQUENCE; Schema: public; Owner: enclopedia_administrator
--

CREATE SEQUENCE public.analytics_featured_id_seq
    START WITH 1
    INCREMENT BY 1
    NO MINVALUE
    NO MAXVALUE
    CACHE 1;


ALTER TABLE public.analytics_featured_id_seq OWNER TO enclopedia_administrator;

--
-- Name: analytics_featured_id_seq; Type: SEQUENCE OWNED BY; Schema: public; Owner: enclopedia_administrator
--

ALTER SEQUENCE public.analytics_featured_id_seq OWNED BY public.analytics_featured.id;


--
-- Name: analytics_featuredbrand; Type: TABLE; Schema: public; Owner: enclopedia_administrator
--

CREATE TABLE public.analytics_featuredbrand (
    id bigint NOT NULL,
    view integer NOT NULL,
    url character varying(200) NOT NULL,
    created_at timestamp with time zone NOT NULL,
    brand_id integer NOT NULL
);


ALTER TABLE public.analytics_featuredbrand OWNER TO enclopedia_administrator;

--
-- Name: analytics_featuredbrand_id_seq; Type: SEQUENCE; Schema: public; Owner: enclopedia_administrator
--

CREATE SEQUENCE public.analytics_featuredbrand_id_seq
    START WITH 1
    INCREMENT BY 1
    NO MINVALUE
    NO MAXVALUE
    CACHE 1;


ALTER TABLE public.analytics_featuredbrand_id_seq OWNER TO enclopedia_administrator;

--
-- Name: analytics_featuredbrand_id_seq; Type: SEQUENCE OWNED BY; Schema: public; Owner: enclopedia_administrator
--

ALTER SEQUENCE public.analytics_featuredbrand_id_seq OWNED BY public.analytics_featuredbrand.id;


--
-- Name: auth_group; Type: TABLE; Schema: public; Owner: enclopedia_administrator
--

CREATE TABLE public.auth_group (
    id integer NOT NULL,
    name character varying(150) NOT NULL
);


ALTER TABLE public.auth_group OWNER TO enclopedia_administrator;

--
-- Name: auth_group_id_seq; Type: SEQUENCE; Schema: public; Owner: enclopedia_administrator
--

CREATE SEQUENCE public.auth_group_id_seq
    AS integer
    START WITH 1
    INCREMENT BY 1
    NO MINVALUE
    NO MAXVALUE
    CACHE 1;


ALTER TABLE public.auth_group_id_seq OWNER TO enclopedia_administrator;

--
-- Name: auth_group_id_seq; Type: SEQUENCE OWNED BY; Schema: public; Owner: enclopedia_administrator
--

ALTER SEQUENCE public.auth_group_id_seq OWNED BY public.auth_group.id;


--
-- Name: auth_group_permissions; Type: TABLE; Schema: public; Owner: enclopedia_administrator
--

CREATE TABLE public.auth_group_permissions (
    id integer NOT NULL,
    group_id integer NOT NULL,
    permission_id integer NOT NULL
);


ALTER TABLE public.auth_group_permissions OWNER TO enclopedia_administrator;

--
-- Name: auth_group_permissions_id_seq; Type: SEQUENCE; Schema: public; Owner: enclopedia_administrator
--

CREATE SEQUENCE public.auth_group_permissions_id_seq
    AS integer
    START WITH 1
    INCREMENT BY 1
    NO MINVALUE
    NO MAXVALUE
    CACHE 1;


ALTER TABLE public.auth_group_permissions_id_seq OWNER TO enclopedia_administrator;

--
-- Name: auth_group_permissions_id_seq; Type: SEQUENCE OWNED BY; Schema: public; Owner: enclopedia_administrator
--

ALTER SEQUENCE public.auth_group_permissions_id_seq OWNED BY public.auth_group_permissions.id;


--
-- Name: auth_permission; Type: TABLE; Schema: public; Owner: enclopedia_administrator
--

CREATE TABLE public.auth_permission (
    id integer NOT NULL,
    name character varying(255) NOT NULL,
    content_type_id integer NOT NULL,
    codename character varying(100) NOT NULL
);


ALTER TABLE public.auth_permission OWNER TO enclopedia_administrator;

--
-- Name: auth_permission_id_seq; Type: SEQUENCE; Schema: public; Owner: enclopedia_administrator
--

CREATE SEQUENCE public.auth_permission_id_seq
    AS integer
    START WITH 1
    INCREMENT BY 1
    NO MINVALUE
    NO MAXVALUE
    CACHE 1;


ALTER TABLE public.auth_permission_id_seq OWNER TO enclopedia_administrator;

--
-- Name: auth_permission_id_seq; Type: SEQUENCE OWNED BY; Schema: public; Owner: enclopedia_administrator
--

ALTER SEQUENCE public.auth_permission_id_seq OWNED BY public.auth_permission.id;


--
-- Name: cart_cart; Type: TABLE; Schema: public; Owner: enclopedia_administrator
--

CREATE TABLE public.cart_cart (
    id uuid NOT NULL,
    on_created date NOT NULL,
    user_id uuid
);


ALTER TABLE public.cart_cart OWNER TO enclopedia_administrator;

--
-- Name: cart_cartitem; Type: TABLE; Schema: public; Owner: enclopedia_administrator
--

CREATE TABLE public.cart_cartitem (
    id bigint NOT NULL,
    quantite integer NOT NULL,
    is_active boolean NOT NULL,
    cart_id uuid,
    product_id uuid NOT NULL
);


ALTER TABLE public.cart_cartitem OWNER TO enclopedia_administrator;

--
-- Name: cart_cartitem_id_seq; Type: SEQUENCE; Schema: public; Owner: enclopedia_administrator
--

CREATE SEQUENCE public.cart_cartitem_id_seq
    START WITH 1
    INCREMENT BY 1
    NO MINVALUE
    NO MAXVALUE
    CACHE 1;


ALTER TABLE public.cart_cartitem_id_seq OWNER TO enclopedia_administrator;

--
-- Name: cart_cartitem_id_seq; Type: SEQUENCE OWNED BY; Schema: public; Owner: enclopedia_administrator
--

ALTER SEQUENCE public.cart_cartitem_id_seq OWNED BY public.cart_cartitem.id;


--
-- Name: cart_cartitem_variation; Type: TABLE; Schema: public; Owner: enclopedia_administrator
--

CREATE TABLE public.cart_cartitem_variation (
    id integer NOT NULL,
    cartitem_id bigint NOT NULL,
    variation_id integer NOT NULL
);


ALTER TABLE public.cart_cartitem_variation OWNER TO enclopedia_administrator;

--
-- Name: cart_cartitem_variation_id_seq; Type: SEQUENCE; Schema: public; Owner: enclopedia_administrator
--

CREATE SEQUENCE public.cart_cartitem_variation_id_seq
    AS integer
    START WITH 1
    INCREMENT BY 1
    NO MINVALUE
    NO MAXVALUE
    CACHE 1;


ALTER TABLE public.cart_cartitem_variation_id_seq OWNER TO enclopedia_administrator;

--
-- Name: cart_cartitem_variation_id_seq; Type: SEQUENCE OWNED BY; Schema: public; Owner: enclopedia_administrator
--

ALTER SEQUENCE public.cart_cartitem_variation_id_seq OWNED BY public.cart_cartitem_variation.id;


--
-- Name: category_brand; Type: TABLE; Schema: public; Owner: enclopedia_administrator
--

CREATE TABLE public.category_brand (
    id integer NOT NULL,
    brand_name character varying(100) NOT NULL,
    img character varying(100),
    description character varying(500)
);


ALTER TABLE public.category_brand OWNER TO enclopedia_administrator;

--
-- Name: category_brand_id_seq; Type: SEQUENCE; Schema: public; Owner: enclopedia_administrator
--

CREATE SEQUENCE public.category_brand_id_seq
    AS integer
    START WITH 1
    INCREMENT BY 1
    NO MINVALUE
    NO MAXVALUE
    CACHE 1;


ALTER TABLE public.category_brand_id_seq OWNER TO enclopedia_administrator;

--
-- Name: category_brand_id_seq; Type: SEQUENCE OWNED BY; Schema: public; Owner: enclopedia_administrator
--

ALTER SEQUENCE public.category_brand_id_seq OWNED BY public.category_brand.id;


--
-- Name: category_category; Type: TABLE; Schema: public; Owner: enclopedia_administrator
--

CREATE TABLE public.category_category (
    id integer NOT NULL,
    category_name character varying(100) NOT NULL,
    image character varying(100) NOT NULL,
    type_id uuid
);


ALTER TABLE public.category_category OWNER TO enclopedia_administrator;

--
-- Name: category_category_id_seq; Type: SEQUENCE; Schema: public; Owner: enclopedia_administrator
--

CREATE SEQUENCE public.category_category_id_seq
    AS integer
    START WITH 1
    INCREMENT BY 1
    NO MINVALUE
    NO MAXVALUE
    CACHE 1;


ALTER TABLE public.category_category_id_seq OWNER TO enclopedia_administrator;

--
-- Name: category_category_id_seq; Type: SEQUENCE OWNED BY; Schema: public; Owner: enclopedia_administrator
--

ALTER SEQUENCE public.category_category_id_seq OWNED BY public.category_category.id;


--
-- Name: category_type; Type: TABLE; Schema: public; Owner: enclopedia_administrator
--

CREATE TABLE public.category_type (
    id uuid NOT NULL,
    category_name character varying(30) NOT NULL,
    image character varying(100) NOT NULL
);


ALTER TABLE public.category_type OWNER TO enclopedia_administrator;

--
-- Name: closet_closet; Type: TABLE; Schema: public; Owner: enclopedia_administrator
--

CREATE TABLE public.closet_closet (
    id bigint NOT NULL,
    closet_name character varying(100) NOT NULL,
    description text,
    created_at timestamp with time zone NOT NULL,
    updated_at timestamp with time zone NOT NULL,
    user_id uuid NOT NULL
);


ALTER TABLE public.closet_closet OWNER TO enclopedia_administrator;

--
-- Name: closet_closet_id_seq; Type: SEQUENCE; Schema: public; Owner: enclopedia_administrator
--

CREATE SEQUENCE public.closet_closet_id_seq
    START WITH 1
    INCREMENT BY 1
    NO MINVALUE
    NO MAXVALUE
    CACHE 1;


ALTER TABLE public.closet_closet_id_seq OWNER TO enclopedia_administrator;

--
-- Name: closet_closet_id_seq; Type: SEQUENCE OWNED BY; Schema: public; Owner: enclopedia_administrator
--

ALTER SEQUENCE public.closet_closet_id_seq OWNED BY public.closet_closet.id;


--
-- Name: closet_cloth; Type: TABLE; Schema: public; Owner: enclopedia_administrator
--

CREATE TABLE public.closet_cloth (
    id bigint NOT NULL,
    created_at timestamp with time zone NOT NULL,
    updated_at timestamp with time zone NOT NULL,
    closet_id bigint NOT NULL,
    product_id uuid NOT NULL
);


ALTER TABLE public.closet_cloth OWNER TO enclopedia_administrator;

--
-- Name: closet_cloth_id_seq; Type: SEQUENCE; Schema: public; Owner: enclopedia_administrator
--

CREATE SEQUENCE public.closet_cloth_id_seq
    START WITH 1
    INCREMENT BY 1
    NO MINVALUE
    NO MAXVALUE
    CACHE 1;


ALTER TABLE public.closet_cloth_id_seq OWNER TO enclopedia_administrator;

--
-- Name: closet_cloth_id_seq; Type: SEQUENCE OWNED BY; Schema: public; Owner: enclopedia_administrator
--

ALTER SEQUENCE public.closet_cloth_id_seq OWNED BY public.closet_cloth.id;


--
-- Name: django_admin_log; Type: TABLE; Schema: public; Owner: enclopedia_administrator
--

CREATE TABLE public.django_admin_log (
    id integer NOT NULL,
    action_time timestamp with time zone NOT NULL,
    object_id text,
    object_repr character varying(200) NOT NULL,
    action_flag smallint NOT NULL,
    change_message text NOT NULL,
    content_type_id integer,
    user_id uuid NOT NULL,
    CONSTRAINT django_admin_log_action_flag_check CHECK ((action_flag >= 0))
);


ALTER TABLE public.django_admin_log OWNER TO enclopedia_administrator;

--
-- Name: django_admin_log_id_seq; Type: SEQUENCE; Schema: public; Owner: enclopedia_administrator
--

CREATE SEQUENCE public.django_admin_log_id_seq
    AS integer
    START WITH 1
    INCREMENT BY 1
    NO MINVALUE
    NO MAXVALUE
    CACHE 1;


ALTER TABLE public.django_admin_log_id_seq OWNER TO enclopedia_administrator;

--
-- Name: django_admin_log_id_seq; Type: SEQUENCE OWNED BY; Schema: public; Owner: enclopedia_administrator
--

ALTER SEQUENCE public.django_admin_log_id_seq OWNED BY public.django_admin_log.id;


--
-- Name: django_content_type; Type: TABLE; Schema: public; Owner: enclopedia_administrator
--

CREATE TABLE public.django_content_type (
    id integer NOT NULL,
    app_label character varying(100) NOT NULL,
    model character varying(100) NOT NULL
);


ALTER TABLE public.django_content_type OWNER TO enclopedia_administrator;

--
-- Name: django_content_type_id_seq; Type: SEQUENCE; Schema: public; Owner: enclopedia_administrator
--

CREATE SEQUENCE public.django_content_type_id_seq
    AS integer
    START WITH 1
    INCREMENT BY 1
    NO MINVALUE
    NO MAXVALUE
    CACHE 1;


ALTER TABLE public.django_content_type_id_seq OWNER TO enclopedia_administrator;

--
-- Name: django_content_type_id_seq; Type: SEQUENCE OWNED BY; Schema: public; Owner: enclopedia_administrator
--

ALTER SEQUENCE public.django_content_type_id_seq OWNED BY public.django_content_type.id;


--
-- Name: django_migrations; Type: TABLE; Schema: public; Owner: enclopedia_administrator
--

CREATE TABLE public.django_migrations (
    id integer NOT NULL,
    app character varying(255) NOT NULL,
    name character varying(255) NOT NULL,
    applied timestamp with time zone NOT NULL
);


ALTER TABLE public.django_migrations OWNER TO enclopedia_administrator;

--
-- Name: django_migrations_id_seq; Type: SEQUENCE; Schema: public; Owner: enclopedia_administrator
--

CREATE SEQUENCE public.django_migrations_id_seq
    AS integer
    START WITH 1
    INCREMENT BY 1
    NO MINVALUE
    NO MAXVALUE
    CACHE 1;


ALTER TABLE public.django_migrations_id_seq OWNER TO enclopedia_administrator;

--
-- Name: django_migrations_id_seq; Type: SEQUENCE OWNED BY; Schema: public; Owner: enclopedia_administrator
--

ALTER SEQUENCE public.django_migrations_id_seq OWNED BY public.django_migrations.id;


--
-- Name: django_rest_passwordreset_resetpasswordtoken; Type: TABLE; Schema: public; Owner: enclopedia_administrator
--

CREATE TABLE public.django_rest_passwordreset_resetpasswordtoken (
    created_at timestamp with time zone NOT NULL,
    key character varying(64) NOT NULL,
    ip_address inet,
    user_agent character varying(256) NOT NULL,
    user_id uuid NOT NULL,
    id integer NOT NULL
);


ALTER TABLE public.django_rest_passwordreset_resetpasswordtoken OWNER TO enclopedia_administrator;

--
-- Name: django_rest_passwordreset_resetpasswordtoken_id_seq; Type: SEQUENCE; Schema: public; Owner: enclopedia_administrator
--

CREATE SEQUENCE public.django_rest_passwordreset_resetpasswordtoken_id_seq
    AS integer
    START WITH 1
    INCREMENT BY 1
    NO MINVALUE
    NO MAXVALUE
    CACHE 1;


ALTER TABLE public.django_rest_passwordreset_resetpasswordtoken_id_seq OWNER TO enclopedia_administrator;

--
-- Name: django_rest_passwordreset_resetpasswordtoken_id_seq; Type: SEQUENCE OWNED BY; Schema: public; Owner: enclopedia_administrator
--

ALTER SEQUENCE public.django_rest_passwordreset_resetpasswordtoken_id_seq OWNED BY public.django_rest_passwordreset_resetpasswordtoken.id;


--
-- Name: django_session; Type: TABLE; Schema: public; Owner: enclopedia_administrator
--

CREATE TABLE public.django_session (
    session_key character varying(40) NOT NULL,
    session_data text NOT NULL,
    expire_date timestamp with time zone NOT NULL
);


ALTER TABLE public.django_session OWNER TO enclopedia_administrator;

--
-- Name: django_site; Type: TABLE; Schema: public; Owner: enclopedia_administrator
--

CREATE TABLE public.django_site (
    id integer NOT NULL,
    domain character varying(100) NOT NULL,
    name character varying(50) NOT NULL
);


ALTER TABLE public.django_site OWNER TO enclopedia_administrator;

--
-- Name: django_site_id_seq; Type: SEQUENCE; Schema: public; Owner: enclopedia_administrator
--

CREATE SEQUENCE public.django_site_id_seq
    AS integer
    START WITH 1
    INCREMENT BY 1
    NO MINVALUE
    NO MAXVALUE
    CACHE 1;


ALTER TABLE public.django_site_id_seq OWNER TO enclopedia_administrator;

--
-- Name: django_site_id_seq; Type: SEQUENCE OWNED BY; Schema: public; Owner: enclopedia_administrator
--

ALTER SEQUENCE public.django_site_id_seq OWNED BY public.django_site.id;


--
-- Name: notification_news; Type: TABLE; Schema: public; Owner: enclopedia_administrator
--

CREATE TABLE public.notification_news (
    id bigint NOT NULL,
    title character varying(255) NOT NULL,
    body text NOT NULL,
    created_at timestamp with time zone NOT NULL,
    url character varying(200)
);


ALTER TABLE public.notification_news OWNER TO enclopedia_administrator;

--
-- Name: notification_news_id_seq; Type: SEQUENCE; Schema: public; Owner: enclopedia_administrator
--

CREATE SEQUENCE public.notification_news_id_seq
    START WITH 1
    INCREMENT BY 1
    NO MINVALUE
    NO MAXVALUE
    CACHE 1;


ALTER TABLE public.notification_news_id_seq OWNER TO enclopedia_administrator;

--
-- Name: notification_news_id_seq; Type: SEQUENCE OWNED BY; Schema: public; Owner: enclopedia_administrator
--

ALTER SEQUENCE public.notification_news_id_seq OWNED BY public.notification_news.id;


--
-- Name: notification_notification; Type: TABLE; Schema: public; Owner: enclopedia_administrator
--

CREATE TABLE public.notification_notification (
    id bigint NOT NULL,
    title character varying(255) NOT NULL,
    body text NOT NULL,
    created_at timestamp with time zone NOT NULL,
    url character varying(200),
    user_id uuid NOT NULL
);


ALTER TABLE public.notification_notification OWNER TO enclopedia_administrator;

--
-- Name: notification_notification_id_seq; Type: SEQUENCE; Schema: public; Owner: enclopedia_administrator
--

CREATE SEQUENCE public.notification_notification_id_seq
    START WITH 1
    INCREMENT BY 1
    NO MINVALUE
    NO MAXVALUE
    CACHE 1;


ALTER TABLE public.notification_notification_id_seq OWNER TO enclopedia_administrator;

--
-- Name: notification_notification_id_seq; Type: SEQUENCE OWNED BY; Schema: public; Owner: enclopedia_administrator
--

ALTER SEQUENCE public.notification_notification_id_seq OWNED BY public.notification_notification.id;


--
-- Name: notification_read; Type: TABLE; Schema: public; Owner: enclopedia_administrator
--

CREATE TABLE public.notification_read (
    id bigint NOT NULL,
    read boolean NOT NULL,
    object_id bigint NOT NULL,
    account_id uuid NOT NULL,
    content_type_id integer NOT NULL,
    CONSTRAINT notification_read_object_id_check CHECK ((object_id >= 0))
);


ALTER TABLE public.notification_read OWNER TO enclopedia_administrator;

--
-- Name: notification_read_id_seq; Type: SEQUENCE; Schema: public; Owner: enclopedia_administrator
--

CREATE SEQUENCE public.notification_read_id_seq
    START WITH 1
    INCREMENT BY 1
    NO MINVALUE
    NO MAXVALUE
    CACHE 1;


ALTER TABLE public.notification_read_id_seq OWNER TO enclopedia_administrator;

--
-- Name: notification_read_id_seq; Type: SEQUENCE OWNED BY; Schema: public; Owner: enclopedia_administrator
--

ALTER SEQUENCE public.notification_read_id_seq OWNED BY public.notification_read.id;


--
-- Name: product_imagegallary; Type: TABLE; Schema: public; Owner: enclopedia_administrator
--

CREATE TABLE public.product_imagegallary (
    id integer NOT NULL,
    original character varying(100) NOT NULL,
    product_id uuid NOT NULL
);


ALTER TABLE public.product_imagegallary OWNER TO enclopedia_administrator;

--
-- Name: product_imagegallary_id_seq; Type: SEQUENCE; Schema: public; Owner: enclopedia_administrator
--

CREATE SEQUENCE public.product_imagegallary_id_seq
    AS integer
    START WITH 1
    INCREMENT BY 1
    NO MINVALUE
    NO MAXVALUE
    CACHE 1;


ALTER TABLE public.product_imagegallary_id_seq OWNER TO enclopedia_administrator;

--
-- Name: product_imagegallary_id_seq; Type: SEQUENCE OWNED BY; Schema: public; Owner: enclopedia_administrator
--

ALTER SEQUENCE public.product_imagegallary_id_seq OWNED BY public.product_imagegallary.id;


--
-- Name: product_price; Type: TABLE; Schema: public; Owner: enclopedia_administrator
--

CREATE TABLE public.product_price (
    id uuid NOT NULL,
    price integer NOT NULL,
    tax double precision,
    shipping_id integer
);


ALTER TABLE public.product_price OWNER TO enclopedia_administrator;

--
-- Name: product_product; Type: TABLE; Schema: public; Owner: enclopedia_administrator
--

CREATE TABLE public.product_product (
    id uuid NOT NULL,
    product_name character varying(100) NOT NULL,
    description character varying(255) NOT NULL,
    rating numeric(2,1),
    review_count integer,
    stock integer NOT NULL,
    img character varying(100),
    is_available boolean NOT NULL,
    is_subscription character varying(100) NOT NULL,
    created_at timestamp with time zone NOT NULL,
    updated_at timestamp with time zone NOT NULL,
    gender character varying(10) NOT NULL,
    brand_id integer,
    category_id integer,
    price_id uuid
);


ALTER TABLE public.product_product OWNER TO enclopedia_administrator;

--
-- Name: product_product_tag; Type: TABLE; Schema: public; Owner: enclopedia_administrator
--

CREATE TABLE public.product_product_tag (
    id integer NOT NULL,
    product_id uuid NOT NULL,
    tag_id integer NOT NULL
);


ALTER TABLE public.product_product_tag OWNER TO enclopedia_administrator;

--
-- Name: product_product_tag_id_seq; Type: SEQUENCE; Schema: public; Owner: enclopedia_administrator
--

CREATE SEQUENCE public.product_product_tag_id_seq
    AS integer
    START WITH 1
    INCREMENT BY 1
    NO MINVALUE
    NO MAXVALUE
    CACHE 1;


ALTER TABLE public.product_product_tag_id_seq OWNER TO enclopedia_administrator;

--
-- Name: product_product_tag_id_seq; Type: SEQUENCE OWNED BY; Schema: public; Owner: enclopedia_administrator
--

ALTER SEQUENCE public.product_product_tag_id_seq OWNED BY public.product_product_tag.id;


--
-- Name: product_reviewrating; Type: TABLE; Schema: public; Owner: enclopedia_administrator
--

CREATE TABLE public.product_reviewrating (
    id integer NOT NULL,
    title character varying(100) NOT NULL,
    review text NOT NULL,
    rating double precision,
    ip character varying(30) NOT NULL,
    status boolean NOT NULL,
    on_created timestamp with time zone NOT NULL,
    on_updated timestamp with time zone NOT NULL,
    product_id uuid NOT NULL,
    user_id uuid NOT NULL
);


ALTER TABLE public.product_reviewrating OWNER TO enclopedia_administrator;

--
-- Name: product_reviewrating_id_seq; Type: SEQUENCE; Schema: public; Owner: enclopedia_administrator
--

CREATE SEQUENCE public.product_reviewrating_id_seq
    AS integer
    START WITH 1
    INCREMENT BY 1
    NO MINVALUE
    NO MAXVALUE
    CACHE 1;


ALTER TABLE public.product_reviewrating_id_seq OWNER TO enclopedia_administrator;

--
-- Name: product_reviewrating_id_seq; Type: SEQUENCE OWNED BY; Schema: public; Owner: enclopedia_administrator
--

ALTER SEQUENCE public.product_reviewrating_id_seq OWNED BY public.product_reviewrating.id;


--
-- Name: product_reviewratinggallery; Type: TABLE; Schema: public; Owner: enclopedia_administrator
--

CREATE TABLE public.product_reviewratinggallery (
    id uuid NOT NULL,
    image character varying(100) NOT NULL,
    on_created timestamp with time zone NOT NULL,
    on_updated timestamp with time zone NOT NULL,
    review_id integer NOT NULL
);


ALTER TABLE public.product_reviewratinggallery OWNER TO enclopedia_administrator;

--
-- Name: product_shipping; Type: TABLE; Schema: public; Owner: enclopedia_administrator
--

CREATE TABLE public.product_shipping (
    id integer NOT NULL,
    shipping_company character varying(30) NOT NULL,
    shipping_method character varying(30) NOT NULL,
    size integer NOT NULL,
    shipping_price integer NOT NULL
);


ALTER TABLE public.product_shipping OWNER TO enclopedia_administrator;

--
-- Name: product_shipping_id_seq; Type: SEQUENCE; Schema: public; Owner: enclopedia_administrator
--

CREATE SEQUENCE public.product_shipping_id_seq
    AS integer
    START WITH 1
    INCREMENT BY 1
    NO MINVALUE
    NO MAXVALUE
    CACHE 1;


ALTER TABLE public.product_shipping_id_seq OWNER TO enclopedia_administrator;

--
-- Name: product_shipping_id_seq; Type: SEQUENCE OWNED BY; Schema: public; Owner: enclopedia_administrator
--

ALTER SEQUENCE public.product_shipping_id_seq OWNED BY public.product_shipping.id;


--
-- Name: product_size; Type: TABLE; Schema: public; Owner: enclopedia_administrator
--

CREATE TABLE public.product_size (
    id integer NOT NULL,
    size character varying(10) NOT NULL,
    length integer,
    shoulder_width integer,
    chest integer,
    waist integer,
    hip integer,
    inseam integer,
    sleeve_length integer,
    product_id uuid NOT NULL
);


ALTER TABLE public.product_size OWNER TO enclopedia_administrator;

--
-- Name: product_size_id_seq; Type: SEQUENCE; Schema: public; Owner: enclopedia_administrator
--

CREATE SEQUENCE public.product_size_id_seq
    AS integer
    START WITH 1
    INCREMENT BY 1
    NO MINVALUE
    NO MAXVALUE
    CACHE 1;


ALTER TABLE public.product_size_id_seq OWNER TO enclopedia_administrator;

--
-- Name: product_size_id_seq; Type: SEQUENCE OWNED BY; Schema: public; Owner: enclopedia_administrator
--

ALTER SEQUENCE public.product_size_id_seq OWNED BY public.product_size.id;


--
-- Name: product_tag; Type: TABLE; Schema: public; Owner: enclopedia_administrator
--

CREATE TABLE public.product_tag (
    id integer NOT NULL,
    tag_name character varying(50) NOT NULL
);


ALTER TABLE public.product_tag OWNER TO enclopedia_administrator;

--
-- Name: product_tag_id_seq; Type: SEQUENCE; Schema: public; Owner: enclopedia_administrator
--

CREATE SEQUENCE public.product_tag_id_seq
    AS integer
    START WITH 1
    INCREMENT BY 1
    NO MINVALUE
    NO MAXVALUE
    CACHE 1;


ALTER TABLE public.product_tag_id_seq OWNER TO enclopedia_administrator;

--
-- Name: product_tag_id_seq; Type: SEQUENCE OWNED BY; Schema: public; Owner: enclopedia_administrator
--

ALTER SEQUENCE public.product_tag_id_seq OWNED BY public.product_tag.id;


--
-- Name: product_variation; Type: TABLE; Schema: public; Owner: enclopedia_administrator
--

CREATE TABLE public.product_variation (
    id integer NOT NULL,
    variation_choices character varying(100) NOT NULL,
    variation_value character varying(100) NOT NULL,
    is_active boolean NOT NULL,
    created_on timestamp with time zone NOT NULL,
    product_id uuid NOT NULL
);


ALTER TABLE public.product_variation OWNER TO enclopedia_administrator;

--
-- Name: product_variation_id_seq; Type: SEQUENCE; Schema: public; Owner: enclopedia_administrator
--

CREATE SEQUENCE public.product_variation_id_seq
    AS integer
    START WITH 1
    INCREMENT BY 1
    NO MINVALUE
    NO MAXVALUE
    CACHE 1;


ALTER TABLE public.product_variation_id_seq OWNER TO enclopedia_administrator;

--
-- Name: product_variation_id_seq; Type: SEQUENCE OWNED BY; Schema: public; Owner: enclopedia_administrator
--

ALTER SEQUENCE public.product_variation_id_seq OWNED BY public.product_variation.id;


--
-- Name: reservation_reservation; Type: TABLE; Schema: public; Owner: enclopedia_administrator
--

CREATE TABLE public.reservation_reservation (
    id uuid NOT NULL,
    reserved_start_date timestamp with time zone NOT NULL,
    reserved_end_date timestamp with time zone,
    is_reserved boolean NOT NULL,
    status smallint NOT NULL,
    plan character varying(20) NOT NULL,
    ip character varying(30) NOT NULL,
    payment_method character varying(30),
    total_price integer,
    shipping_price integer,
    shipping_number character varying(15),
    adress_id uuid NOT NULL,
    user_id uuid NOT NULL,
    "returnShippingNumber" character varying(15),
    return_shipping_number character varying(15)
);


ALTER TABLE public.reservation_reservation OWNER TO enclopedia_administrator;

--
-- Name: reservation_reservationitem; Type: TABLE; Schema: public; Owner: enclopedia_administrator
--

CREATE TABLE public.reservation_reservationitem (
    id uuid NOT NULL,
    quantity integer NOT NULL,
    is_canceled boolean NOT NULL,
    cancel_date timestamp with time zone,
    product_id uuid NOT NULL,
    reservation_id uuid NOT NULL
);


ALTER TABLE public.reservation_reservationitem OWNER TO enclopedia_administrator;

--
-- Name: reservation_reservationitem_variation; Type: TABLE; Schema: public; Owner: enclopedia_administrator
--

CREATE TABLE public.reservation_reservationitem_variation (
    id integer NOT NULL,
    reservationitem_id uuid NOT NULL,
    variation_id integer NOT NULL
);


ALTER TABLE public.reservation_reservationitem_variation OWNER TO enclopedia_administrator;

--
-- Name: reservation_reservationitem_variation_id_seq; Type: SEQUENCE; Schema: public; Owner: enclopedia_administrator
--

CREATE SEQUENCE public.reservation_reservationitem_variation_id_seq
    AS integer
    START WITH 1
    INCREMENT BY 1
    NO MINVALUE
    NO MAXVALUE
    CACHE 1;


ALTER TABLE public.reservation_reservationitem_variation_id_seq OWNER TO enclopedia_administrator;

--
-- Name: reservation_reservationitem_variation_id_seq; Type: SEQUENCE OWNED BY; Schema: public; Owner: enclopedia_administrator
--

ALTER SEQUENCE public.reservation_reservationitem_variation_id_seq OWNED BY public.reservation_reservationitem_variation.id;


--
-- Name: socialaccount_socialaccount; Type: TABLE; Schema: public; Owner: enclopedia_administrator
--

CREATE TABLE public.socialaccount_socialaccount (
    id integer NOT NULL,
    provider character varying(30) NOT NULL,
    uid character varying(191) NOT NULL,
    last_login timestamp with time zone NOT NULL,
    date_joined timestamp with time zone NOT NULL,
    extra_data text NOT NULL,
    user_id uuid NOT NULL
);


ALTER TABLE public.socialaccount_socialaccount OWNER TO enclopedia_administrator;

--
-- Name: socialaccount_socialaccount_id_seq; Type: SEQUENCE; Schema: public; Owner: enclopedia_administrator
--

CREATE SEQUENCE public.socialaccount_socialaccount_id_seq
    AS integer
    START WITH 1
    INCREMENT BY 1
    NO MINVALUE
    NO MAXVALUE
    CACHE 1;


ALTER TABLE public.socialaccount_socialaccount_id_seq OWNER TO enclopedia_administrator;

--
-- Name: socialaccount_socialaccount_id_seq; Type: SEQUENCE OWNED BY; Schema: public; Owner: enclopedia_administrator
--

ALTER SEQUENCE public.socialaccount_socialaccount_id_seq OWNED BY public.socialaccount_socialaccount.id;


--
-- Name: socialaccount_socialapp; Type: TABLE; Schema: public; Owner: enclopedia_administrator
--

CREATE TABLE public.socialaccount_socialapp (
    id integer NOT NULL,
    provider character varying(30) NOT NULL,
    name character varying(40) NOT NULL,
    client_id character varying(191) NOT NULL,
    secret character varying(191) NOT NULL,
    key character varying(191) NOT NULL
);


ALTER TABLE public.socialaccount_socialapp OWNER TO enclopedia_administrator;

--
-- Name: socialaccount_socialapp_id_seq; Type: SEQUENCE; Schema: public; Owner: enclopedia_administrator
--

CREATE SEQUENCE public.socialaccount_socialapp_id_seq
    AS integer
    START WITH 1
    INCREMENT BY 1
    NO MINVALUE
    NO MAXVALUE
    CACHE 1;


ALTER TABLE public.socialaccount_socialapp_id_seq OWNER TO enclopedia_administrator;

--
-- Name: socialaccount_socialapp_id_seq; Type: SEQUENCE OWNED BY; Schema: public; Owner: enclopedia_administrator
--

ALTER SEQUENCE public.socialaccount_socialapp_id_seq OWNED BY public.socialaccount_socialapp.id;


--
-- Name: socialaccount_socialapp_sites; Type: TABLE; Schema: public; Owner: enclopedia_administrator
--

CREATE TABLE public.socialaccount_socialapp_sites (
    id integer NOT NULL,
    socialapp_id integer NOT NULL,
    site_id integer NOT NULL
);


ALTER TABLE public.socialaccount_socialapp_sites OWNER TO enclopedia_administrator;

--
-- Name: socialaccount_socialapp_sites_id_seq; Type: SEQUENCE; Schema: public; Owner: enclopedia_administrator
--

CREATE SEQUENCE public.socialaccount_socialapp_sites_id_seq
    AS integer
    START WITH 1
    INCREMENT BY 1
    NO MINVALUE
    NO MAXVALUE
    CACHE 1;


ALTER TABLE public.socialaccount_socialapp_sites_id_seq OWNER TO enclopedia_administrator;

--
-- Name: socialaccount_socialapp_sites_id_seq; Type: SEQUENCE OWNED BY; Schema: public; Owner: enclopedia_administrator
--

ALTER SEQUENCE public.socialaccount_socialapp_sites_id_seq OWNED BY public.socialaccount_socialapp_sites.id;


--
-- Name: socialaccount_socialtoken; Type: TABLE; Schema: public; Owner: enclopedia_administrator
--

CREATE TABLE public.socialaccount_socialtoken (
    id integer NOT NULL,
    token text NOT NULL,
    token_secret text NOT NULL,
    expires_at timestamp with time zone,
    account_id integer NOT NULL,
    app_id integer NOT NULL
);


ALTER TABLE public.socialaccount_socialtoken OWNER TO enclopedia_administrator;

--
-- Name: socialaccount_socialtoken_id_seq; Type: SEQUENCE; Schema: public; Owner: enclopedia_administrator
--

CREATE SEQUENCE public.socialaccount_socialtoken_id_seq
    AS integer
    START WITH 1
    INCREMENT BY 1
    NO MINVALUE
    NO MAXVALUE
    CACHE 1;


ALTER TABLE public.socialaccount_socialtoken_id_seq OWNER TO enclopedia_administrator;

--
-- Name: socialaccount_socialtoken_id_seq; Type: SEQUENCE OWNED BY; Schema: public; Owner: enclopedia_administrator
--

ALTER SEQUENCE public.socialaccount_socialtoken_id_seq OWNED BY public.socialaccount_socialtoken.id;


--
-- Name: subscription_stripeaccount; Type: TABLE; Schema: public; Owner: enclopedia_administrator
--

CREATE TABLE public.subscription_stripeaccount (
    id integer NOT NULL,
    customer_id character varying(255),
    is_active boolean NOT NULL,
    plan character varying(20),
    start_date timestamp with time zone,
    update_date timestamp with time zone,
    cancel_date timestamp with time zone,
    user_id_id uuid NOT NULL,
    plan_id character varying(255)
);


ALTER TABLE public.subscription_stripeaccount OWNER TO enclopedia_administrator;

--
-- Name: subscription_stripeaccount_id_seq; Type: SEQUENCE; Schema: public; Owner: enclopedia_administrator
--

CREATE SEQUENCE public.subscription_stripeaccount_id_seq
    AS integer
    START WITH 1
    INCREMENT BY 1
    NO MINVALUE
    NO MAXVALUE
    CACHE 1;


ALTER TABLE public.subscription_stripeaccount_id_seq OWNER TO enclopedia_administrator;

--
-- Name: subscription_stripeaccount_id_seq; Type: SEQUENCE OWNED BY; Schema: public; Owner: enclopedia_administrator
--

ALTER SEQUENCE public.subscription_stripeaccount_id_seq OWNED BY public.subscription_stripeaccount.id;


--
-- Name: user_account; Type: TABLE; Schema: public; Owner: enclopedia_administrator
--

CREATE TABLE public.user_account (
    password character varying(128) NOT NULL,
    id uuid NOT NULL,
    first_name character varying(50),
    last_name character varying(50),
    username character varying(50) NOT NULL,
    email character varying(100) NOT NULL,
    data_joined timestamp with time zone NOT NULL,
    last_login timestamp with time zone NOT NULL,
    is_admin boolean NOT NULL,
    is_staff boolean NOT NULL,
    is_active boolean NOT NULL,
    is_superadmin boolean NOT NULL
);


ALTER TABLE public.user_account OWNER TO enclopedia_administrator;

--
-- Name: user_adress; Type: TABLE; Schema: public; Owner: enclopedia_administrator
--

CREATE TABLE public.user_adress (
    id uuid NOT NULL,
    country character varying(255) NOT NULL,
    prefecture character varying(255),
    region character varying(250),
    address character varying(50),
    building_name character varying(200),
    postalcode character varying(50),
    user_id uuid,
    "phoneNumber" character varying(16)
);


ALTER TABLE public.user_adress OWNER TO enclopedia_administrator;

--
-- Name: user_emailsubscribe; Type: TABLE; Schema: public; Owner: enclopedia_administrator
--

CREATE TABLE public.user_emailsubscribe (
    id integer NOT NULL,
    is_active boolean NOT NULL,
    user_id uuid NOT NULL
);


ALTER TABLE public.user_emailsubscribe OWNER TO enclopedia_administrator;

--
-- Name: user_emailsubscribe_id_seq; Type: SEQUENCE; Schema: public; Owner: enclopedia_administrator
--

CREATE SEQUENCE public.user_emailsubscribe_id_seq
    AS integer
    START WITH 1
    INCREMENT BY 1
    NO MINVALUE
    NO MAXVALUE
    CACHE 1;


ALTER TABLE public.user_emailsubscribe_id_seq OWNER TO enclopedia_administrator;

--
-- Name: user_emailsubscribe_id_seq; Type: SEQUENCE OWNED BY; Schema: public; Owner: enclopedia_administrator
--

ALTER SEQUENCE public.user_emailsubscribe_id_seq OWNED BY public.user_emailsubscribe.id;


--
-- Name: user_profile; Type: TABLE; Schema: public; Owner: enclopedia_administrator
--

CREATE TABLE public.user_profile (
    id uuid NOT NULL,
    gender character varying(2),
    birth_day date,
    img character varying(100),
    introduction text,
    created_on timestamp with time zone NOT NULL,
    user_id uuid
);


ALTER TABLE public.user_profile OWNER TO enclopedia_administrator;

--
-- Name: account_emailaddress id; Type: DEFAULT; Schema: public; Owner: enclopedia_administrator
--

ALTER TABLE ONLY public.account_emailaddress ALTER COLUMN id SET DEFAULT nextval('public.account_emailaddress_id_seq'::regclass);


--
-- Name: account_emailconfirmation id; Type: DEFAULT; Schema: public; Owner: enclopedia_administrator
--

ALTER TABLE ONLY public.account_emailconfirmation ALTER COLUMN id SET DEFAULT nextval('public.account_emailconfirmation_id_seq'::regclass);


--
-- Name: account_history_favorite id; Type: DEFAULT; Schema: public; Owner: enclopedia_administrator
--

ALTER TABLE ONLY public.account_history_favorite ALTER COLUMN id SET DEFAULT nextval('public.account_history_favorite_id_seq'::regclass);


--
-- Name: analytics_cartadditem id; Type: DEFAULT; Schema: public; Owner: enclopedia_administrator
--

ALTER TABLE ONLY public.analytics_cartadditem ALTER COLUMN id SET DEFAULT nextval('public.analytics_cardadditem_id_seq'::regclass);


--
-- Name: analytics_featured id; Type: DEFAULT; Schema: public; Owner: enclopedia_administrator
--

ALTER TABLE ONLY public.analytics_featured ALTER COLUMN id SET DEFAULT nextval('public.analytics_featured_id_seq'::regclass);


--
-- Name: analytics_featuredbrand id; Type: DEFAULT; Schema: public; Owner: enclopedia_administrator
--

ALTER TABLE ONLY public.analytics_featuredbrand ALTER COLUMN id SET DEFAULT nextval('public.analytics_featuredbrand_id_seq'::regclass);


--
-- Name: auth_group id; Type: DEFAULT; Schema: public; Owner: enclopedia_administrator
--

ALTER TABLE ONLY public.auth_group ALTER COLUMN id SET DEFAULT nextval('public.auth_group_id_seq'::regclass);


--
-- Name: auth_group_permissions id; Type: DEFAULT; Schema: public; Owner: enclopedia_administrator
--

ALTER TABLE ONLY public.auth_group_permissions ALTER COLUMN id SET DEFAULT nextval('public.auth_group_permissions_id_seq'::regclass);


--
-- Name: auth_permission id; Type: DEFAULT; Schema: public; Owner: enclopedia_administrator
--

ALTER TABLE ONLY public.auth_permission ALTER COLUMN id SET DEFAULT nextval('public.auth_permission_id_seq'::regclass);


--
-- Name: cart_cartitem id; Type: DEFAULT; Schema: public; Owner: enclopedia_administrator
--

ALTER TABLE ONLY public.cart_cartitem ALTER COLUMN id SET DEFAULT nextval('public.cart_cartitem_id_seq'::regclass);


--
-- Name: cart_cartitem_variation id; Type: DEFAULT; Schema: public; Owner: enclopedia_administrator
--

ALTER TABLE ONLY public.cart_cartitem_variation ALTER COLUMN id SET DEFAULT nextval('public.cart_cartitem_variation_id_seq'::regclass);


--
-- Name: category_brand id; Type: DEFAULT; Schema: public; Owner: enclopedia_administrator
--

ALTER TABLE ONLY public.category_brand ALTER COLUMN id SET DEFAULT nextval('public.category_brand_id_seq'::regclass);


--
-- Name: category_category id; Type: DEFAULT; Schema: public; Owner: enclopedia_administrator
--

ALTER TABLE ONLY public.category_category ALTER COLUMN id SET DEFAULT nextval('public.category_category_id_seq'::regclass);


--
-- Name: closet_closet id; Type: DEFAULT; Schema: public; Owner: enclopedia_administrator
--

ALTER TABLE ONLY public.closet_closet ALTER COLUMN id SET DEFAULT nextval('public.closet_closet_id_seq'::regclass);


--
-- Name: closet_cloth id; Type: DEFAULT; Schema: public; Owner: enclopedia_administrator
--

ALTER TABLE ONLY public.closet_cloth ALTER COLUMN id SET DEFAULT nextval('public.closet_cloth_id_seq'::regclass);


--
-- Name: django_admin_log id; Type: DEFAULT; Schema: public; Owner: enclopedia_administrator
--

ALTER TABLE ONLY public.django_admin_log ALTER COLUMN id SET DEFAULT nextval('public.django_admin_log_id_seq'::regclass);


--
-- Name: django_content_type id; Type: DEFAULT; Schema: public; Owner: enclopedia_administrator
--

ALTER TABLE ONLY public.django_content_type ALTER COLUMN id SET DEFAULT nextval('public.django_content_type_id_seq'::regclass);


--
-- Name: django_migrations id; Type: DEFAULT; Schema: public; Owner: enclopedia_administrator
--

ALTER TABLE ONLY public.django_migrations ALTER COLUMN id SET DEFAULT nextval('public.django_migrations_id_seq'::regclass);


--
-- Name: django_rest_passwordreset_resetpasswordtoken id; Type: DEFAULT; Schema: public; Owner: enclopedia_administrator
--

ALTER TABLE ONLY public.django_rest_passwordreset_resetpasswordtoken ALTER COLUMN id SET DEFAULT nextval('public.django_rest_passwordreset_resetpasswordtoken_id_seq'::regclass);


--
-- Name: django_site id; Type: DEFAULT; Schema: public; Owner: enclopedia_administrator
--

ALTER TABLE ONLY public.django_site ALTER COLUMN id SET DEFAULT nextval('public.django_site_id_seq'::regclass);


--
-- Name: notification_news id; Type: DEFAULT; Schema: public; Owner: enclopedia_administrator
--

ALTER TABLE ONLY public.notification_news ALTER COLUMN id SET DEFAULT nextval('public.notification_news_id_seq'::regclass);


--
-- Name: notification_notification id; Type: DEFAULT; Schema: public; Owner: enclopedia_administrator
--

ALTER TABLE ONLY public.notification_notification ALTER COLUMN id SET DEFAULT nextval('public.notification_notification_id_seq'::regclass);


--
-- Name: notification_read id; Type: DEFAULT; Schema: public; Owner: enclopedia_administrator
--

ALTER TABLE ONLY public.notification_read ALTER COLUMN id SET DEFAULT nextval('public.notification_read_id_seq'::regclass);


--
-- Name: product_imagegallary id; Type: DEFAULT; Schema: public; Owner: enclopedia_administrator
--

ALTER TABLE ONLY public.product_imagegallary ALTER COLUMN id SET DEFAULT nextval('public.product_imagegallary_id_seq'::regclass);


--
-- Name: product_product_tag id; Type: DEFAULT; Schema: public; Owner: enclopedia_administrator
--

ALTER TABLE ONLY public.product_product_tag ALTER COLUMN id SET DEFAULT nextval('public.product_product_tag_id_seq'::regclass);


--
-- Name: product_reviewrating id; Type: DEFAULT; Schema: public; Owner: enclopedia_administrator
--

ALTER TABLE ONLY public.product_reviewrating ALTER COLUMN id SET DEFAULT nextval('public.product_reviewrating_id_seq'::regclass);


--
-- Name: product_shipping id; Type: DEFAULT; Schema: public; Owner: enclopedia_administrator
--

ALTER TABLE ONLY public.product_shipping ALTER COLUMN id SET DEFAULT nextval('public.product_shipping_id_seq'::regclass);


--
-- Name: product_size id; Type: DEFAULT; Schema: public; Owner: enclopedia_administrator
--

ALTER TABLE ONLY public.product_size ALTER COLUMN id SET DEFAULT nextval('public.product_size_id_seq'::regclass);


--
-- Name: product_tag id; Type: DEFAULT; Schema: public; Owner: enclopedia_administrator
--

ALTER TABLE ONLY public.product_tag ALTER COLUMN id SET DEFAULT nextval('public.product_tag_id_seq'::regclass);


--
-- Name: product_variation id; Type: DEFAULT; Schema: public; Owner: enclopedia_administrator
--

ALTER TABLE ONLY public.product_variation ALTER COLUMN id SET DEFAULT nextval('public.product_variation_id_seq'::regclass);


--
-- Name: reservation_reservationitem_variation id; Type: DEFAULT; Schema: public; Owner: enclopedia_administrator
--

ALTER TABLE ONLY public.reservation_reservationitem_variation ALTER COLUMN id SET DEFAULT nextval('public.reservation_reservationitem_variation_id_seq'::regclass);


--
-- Name: socialaccount_socialaccount id; Type: DEFAULT; Schema: public; Owner: enclopedia_administrator
--

ALTER TABLE ONLY public.socialaccount_socialaccount ALTER COLUMN id SET DEFAULT nextval('public.socialaccount_socialaccount_id_seq'::regclass);


--
-- Name: socialaccount_socialapp id; Type: DEFAULT; Schema: public; Owner: enclopedia_administrator
--

ALTER TABLE ONLY public.socialaccount_socialapp ALTER COLUMN id SET DEFAULT nextval('public.socialaccount_socialapp_id_seq'::regclass);


--
-- Name: socialaccount_socialapp_sites id; Type: DEFAULT; Schema: public; Owner: enclopedia_administrator
--

ALTER TABLE ONLY public.socialaccount_socialapp_sites ALTER COLUMN id SET DEFAULT nextval('public.socialaccount_socialapp_sites_id_seq'::regclass);


--
-- Name: socialaccount_socialtoken id; Type: DEFAULT; Schema: public; Owner: enclopedia_administrator
--

ALTER TABLE ONLY public.socialaccount_socialtoken ALTER COLUMN id SET DEFAULT nextval('public.socialaccount_socialtoken_id_seq'::regclass);


--
-- Name: subscription_stripeaccount id; Type: DEFAULT; Schema: public; Owner: enclopedia_administrator
--

ALTER TABLE ONLY public.subscription_stripeaccount ALTER COLUMN id SET DEFAULT nextval('public.subscription_stripeaccount_id_seq'::regclass);


--
-- Name: user_emailsubscribe id; Type: DEFAULT; Schema: public; Owner: enclopedia_administrator
--

ALTER TABLE ONLY public.user_emailsubscribe ALTER COLUMN id SET DEFAULT nextval('public.user_emailsubscribe_id_seq'::regclass);


--
-- Data for Name: account_emailaddress; Type: TABLE DATA; Schema: public; Owner: enclopedia_administrator
--

COPY public.account_emailaddress (id, email, verified, "primary", user_id) FROM stdin;
\.


--
-- Data for Name: account_emailconfirmation; Type: TABLE DATA; Schema: public; Owner: enclopedia_administrator
--

COPY public.account_emailconfirmation (id, created, sent, key, email_address_id) FROM stdin;
\.


--
-- Data for Name: account_history_favorite; Type: TABLE DATA; Schema: public; Owner: enclopedia_administrator
--

COPY public.account_history_favorite (id, created_at, product_id, user_id) FROM stdin;
15	2022-05-04 18:13:45.982001+09	0ca54d20-b34c-4300-b8f6-65f0f6f6afd5	0a9293fc-133e-46ca-973c-c60bbd224edd
16	2022-05-24 16:34:16.104883+09	6201e56d-6d75-4845-9e07-6aab58092ff4	0a9293fc-133e-46ca-973c-c60bbd224edd
19	2022-06-28 19:18:47.589386+09	de8b84d2-348d-4399-a3bb-9585827b15ad	0a9293fc-133e-46ca-973c-c60bbd224edd
\.


--
-- Data for Name: analytics_cartadditem; Type: TABLE DATA; Schema: public; Owner: enclopedia_administrator
--

COPY public.analytics_cartadditem (id, view, brand_id, product_id) FROM stdin;
\.


--
-- Data for Name: analytics_featured; Type: TABLE DATA; Schema: public; Owner: enclopedia_administrator
--

COPY public.analytics_featured (id, view, url, created_at, product_id) FROM stdin;
1	446	http://localhost:8000/api/de8b84d2-348d-4399-a3bb-9585827b15ad	2022-06-27 21:34:54.989588+09	de8b84d2-348d-4399-a3bb-9585827b15ad
2	209	http://localhost:8000/api/cca81326-f198-4287-bf61-9349f84e18b0	2022-06-27 21:34:54.989621+09	cca81326-f198-4287-bf61-9349f84e18b0
3	78	http://localhost:8000/api/6201e56d-6d75-4845-9e07-6aab58092ff4	2022-06-27 21:34:54.989639+09	6201e56d-6d75-4845-9e07-6aab58092ff4
4	70	http://localhost:8000/api/6683a9f4-86c1-48c1-a0e6-4f8720b35c12	2022-06-27 21:34:54.989654+09	6683a9f4-86c1-48c1-a0e6-4f8720b35c12
5	66	http://localhost:8000/api/4f83965e-dab1-4ddf-b296-34c12f444cfe	2022-06-27 21:34:54.989667+09	4f83965e-dab1-4ddf-b296-34c12f444cfe
6	59	http://localhost:8000/api/e4c562b3-dfbf-40c7-9ddb-93517f06a723	2022-06-27 21:34:54.989681+09	e4c562b3-dfbf-40c7-9ddb-93517f06a723
7	55	http://localhost:8000/api/0ca54d20-b34c-4300-b8f6-65f0f6f6afd5	2022-06-27 21:34:54.989695+09	0ca54d20-b34c-4300-b8f6-65f0f6f6afd5
8	51	http://localhost:8000/api/da0eacbd-569a-4f4a-85a3-b94d73510c86	2022-06-27 21:34:54.989708+09	da0eacbd-569a-4f4a-85a3-b94d73510c86
9	46	http://localhost:8000/api/408a6647-4a16-4370-ad3a-c590adbb22e8	2022-06-27 21:34:54.989721+09	408a6647-4a16-4370-ad3a-c590adbb22e8
10	25	http://localhost:8000/api/714f941c-d1e6-4939-b7ee-831714896692	2022-06-27 21:34:54.989734+09	714f941c-d1e6-4939-b7ee-831714896692
\.


--
-- Data for Name: analytics_featuredbrand; Type: TABLE DATA; Schema: public; Owner: enclopedia_administrator
--

COPY public.analytics_featuredbrand (id, view, url, created_at, brand_id) FROM stdin;
1	2	http://localhost:8000/api/lanvin?number=10	2022-06-28 21:12:45.525346+09	10
2	1	http://localhost:8000/api/dolce & gabbana?number=11	2022-06-28 21:12:45.525373+09	11
4	1	http://localhost:8000/api/yoji yamamoto?number=6	2022-06-28 21:12:45.5254+09	6
3	1	http://localhost:8000/api/calvinklein?number=4	2022-06-28 21:12:45.525388+09	4
\.


--
-- Data for Name: auth_group; Type: TABLE DATA; Schema: public; Owner: enclopedia_administrator
--

COPY public.auth_group (id, name) FROM stdin;
\.


--
-- Data for Name: auth_group_permissions; Type: TABLE DATA; Schema: public; Owner: enclopedia_administrator
--

COPY public.auth_group_permissions (id, group_id, permission_id) FROM stdin;
\.


--
-- Data for Name: auth_permission; Type: TABLE DATA; Schema: public; Owner: enclopedia_administrator
--

COPY public.auth_permission (id, name, content_type_id, codename) FROM stdin;
1	Can add log entry	1	add_logentry
2	Can change log entry	1	change_logentry
3	Can delete log entry	1	delete_logentry
4	Can view log entry	1	view_logentry
5	Can add permission	2	add_permission
6	Can change permission	2	change_permission
7	Can delete permission	2	delete_permission
8	Can view permission	2	view_permission
9	Can add group	3	add_group
10	Can change group	3	change_group
11	Can delete group	3	delete_group
12	Can view group	3	view_group
13	Can add content type	4	add_contenttype
14	Can change content type	4	change_contenttype
15	Can delete content type	4	delete_contenttype
16	Can view content type	4	view_contenttype
17	Can add session	5	add_session
18	Can change session	5	change_session
19	Can delete session	5	delete_session
20	Can view session	5	view_session
21	Can add blacklisted token	6	add_blacklistedtoken
22	Can change blacklisted token	6	change_blacklistedtoken
23	Can delete blacklisted token	6	delete_blacklistedtoken
24	Can view blacklisted token	6	view_blacklistedtoken
25	Can add outstanding token	7	add_outstandingtoken
26	Can change outstanding token	7	change_outstandingtoken
27	Can delete outstanding token	7	delete_outstandingtoken
28	Can view outstanding token	7	view_outstandingtoken
29	Can add site	8	add_site
30	Can change site	8	change_site
31	Can delete site	8	delete_site
32	Can view site	8	view_site
33	Can add email address	9	add_emailaddress
34	Can change email address	9	change_emailaddress
35	Can delete email address	9	delete_emailaddress
36	Can view email address	9	view_emailaddress
37	Can add email confirmation	10	add_emailconfirmation
38	Can change email confirmation	10	change_emailconfirmation
39	Can delete email confirmation	10	delete_emailconfirmation
40	Can view email confirmation	10	view_emailconfirmation
41	Can add social account	11	add_socialaccount
42	Can change social account	11	change_socialaccount
43	Can delete social account	11	delete_socialaccount
44	Can view social account	11	view_socialaccount
45	Can add social application	12	add_socialapp
46	Can change social application	12	change_socialapp
47	Can delete social application	12	delete_socialapp
48	Can view social application	12	view_socialapp
49	Can add social application token	13	add_socialtoken
50	Can change social application token	13	change_socialtoken
51	Can delete social application token	13	delete_socialtoken
52	Can view social application token	13	view_socialtoken
53	Can add brand	14	add_brand
54	Can change brand	14	change_brand
55	Can delete brand	14	delete_brand
56	Can view brand	14	view_brand
57	Can add category	15	add_category
58	Can change category	15	change_category
59	Can delete category	15	delete_category
60	Can view category	15	view_category
61	Can add account	16	add_account
62	Can change account	16	change_account
63	Can delete account	16	delete_account
64	Can view account	16	view_account
65	Can add profile	17	add_profile
66	Can change profile	17	change_profile
67	Can delete profile	17	delete_profile
68	Can view profile	17	view_profile
69	Can add credit	18	add_credit
70	Can change credit	18	change_credit
71	Can delete credit	18	delete_credit
72	Can view credit	18	view_credit
73	Can add adress	19	add_adress
74	Can change adress	19	change_adress
75	Can delete adress	19	delete_adress
76	Can view adress	19	view_adress
77	Can add price	20	add_price
78	Can change price	20	change_price
79	Can delete price	20	delete_price
80	Can view price	20	view_price
81	Can add product	21	add_product
82	Can change product	21	change_product
83	Can delete product	21	delete_product
84	Can view product	21	view_product
85	Can add review rating	22	add_reviewrating
86	Can change review rating	22	change_reviewrating
87	Can delete review rating	22	delete_reviewrating
88	Can view review rating	22	view_reviewrating
89	Can add shipping	23	add_shipping
90	Can change shipping	23	change_shipping
91	Can delete shipping	23	delete_shipping
92	Can view shipping	23	view_shipping
93	Can add tag	24	add_tag
94	Can change tag	24	change_tag
95	Can delete tag	24	delete_tag
96	Can view tag	24	view_tag
97	Can add variation	25	add_variation
98	Can change variation	25	change_variation
99	Can delete variation	25	delete_variation
100	Can view variation	25	view_variation
101	Can add size	26	add_size
102	Can change size	26	change_size
103	Can delete size	26	delete_size
104	Can view size	26	view_size
105	Can add review rating gallery	27	add_reviewratinggallery
106	Can change review rating gallery	27	change_reviewratinggallery
107	Can delete review rating gallery	27	delete_reviewratinggallery
108	Can view review rating gallery	27	view_reviewratinggallery
109	Can add image gallary	28	add_imagegallary
110	Can change image gallary	28	change_imagegallary
111	Can delete image gallary	28	delete_imagegallary
112	Can view image gallary	28	view_imagegallary
113	Can add reservation	29	add_reservation
114	Can change reservation	29	change_reservation
115	Can delete reservation	29	delete_reservation
116	Can view reservation	29	view_reservation
117	Can add reservation item	30	add_reservationitem
118	Can change reservation item	30	change_reservationitem
119	Can delete reservation item	30	delete_reservationitem
120	Can view reservation item	30	view_reservationitem
121	Can add stripe account	31	add_stripeaccount
122	Can change stripe account	31	change_stripeaccount
123	Can delete stripe account	31	delete_stripeaccount
124	Can view stripe account	31	view_stripeaccount
125	Can add research history	32	add_researchhistory
126	Can change research history	32	change_researchhistory
127	Can delete research history	32	delete_researchhistory
128	Can view research history	32	view_researchhistory
129	Can add favorite	33	add_favorite
130	Can change favorite	33	change_favorite
131	Can delete favorite	33	delete_favorite
132	Can view favorite	33	view_favorite
133	Can add Password Reset Token	34	add_resetpasswordtoken
134	Can change Password Reset Token	34	change_resetpasswordtoken
135	Can delete Password Reset Token	34	delete_resetpasswordtoken
136	Can view Password Reset Token	34	view_resetpasswordtoken
137	Can add closet	35	add_closet
138	Can change closet	35	change_closet
139	Can delete closet	35	delete_closet
140	Can view closet	35	view_closet
141	Can add cloth	36	add_cloth
142	Can change cloth	36	change_cloth
143	Can delete cloth	36	delete_cloth
144	Can view cloth	36	view_cloth
145	Can add cart	37	add_cart
146	Can change cart	37	change_cart
147	Can delete cart	37	delete_cart
148	Can view cart	37	view_cart
149	Can add cart item	38	add_cartitem
150	Can change cart item	38	change_cartitem
151	Can delete cart item	38	delete_cartitem
152	Can view cart item	38	view_cartitem
153	Can add news	39	add_news
154	Can change news	39	change_news
155	Can delete news	39	delete_news
156	Can view news	39	view_news
157	Can add read	40	add_read
158	Can change read	40	change_read
159	Can delete read	40	delete_read
160	Can view read	40	view_read
161	Can add notification	41	add_notification
162	Can change notification	41	change_notification
163	Can delete notification	41	delete_notification
164	Can view notification	41	view_notification
165	Can add email subscribe	42	add_emailsubscribe
166	Can change email subscribe	42	change_emailsubscribe
167	Can delete email subscribe	42	delete_emailsubscribe
168	Can view email subscribe	42	view_emailsubscribe
169	Can add featured	43	add_featured
170	Can change featured	43	change_featured
171	Can delete featured	43	delete_featured
172	Can view featured	43	view_featured
173	Can add featured brand	44	add_featuredbrand
174	Can change featured brand	44	change_featuredbrand
175	Can delete featured brand	44	delete_featuredbrand
176	Can view featured brand	44	view_featuredbrand
177	Can add card add item	45	add_cardadditem
178	Can change card add item	45	change_cardadditem
179	Can delete card add item	45	delete_cardadditem
180	Can view card add item	45	view_cardadditem
181	Can add cart add item	45	add_cartadditem
182	Can change cart add item	45	change_cartadditem
183	Can delete cart add item	45	delete_cartadditem
184	Can view cart add item	45	view_cartadditem
185	Can add type	46	add_type
186	Can change type	46	change_type
187	Can delete type	46	delete_type
188	Can view type	46	view_type
\.


--
-- Data for Name: cart_cart; Type: TABLE DATA; Schema: public; Owner: enclopedia_administrator
--

COPY public.cart_cart (id, on_created, user_id) FROM stdin;
152685ac-0520-4287-b233-aef855942a18	2022-07-30	0a9293fc-133e-46ca-973c-c60bbd224edd
\.


--
-- Data for Name: cart_cartitem; Type: TABLE DATA; Schema: public; Owner: enclopedia_administrator
--

COPY public.cart_cartitem (id, quantite, is_active, cart_id, product_id) FROM stdin;
\.


--
-- Data for Name: cart_cartitem_variation; Type: TABLE DATA; Schema: public; Owner: enclopedia_administrator
--

COPY public.cart_cartitem_variation (id, cartitem_id, variation_id) FROM stdin;
\.


--
-- Data for Name: category_brand; Type: TABLE DATA; Schema: public; Owner: enclopedia_administrator
--

COPY public.category_brand (id, brand_name, img, description) FROM stdin;
1	comme des garon		\N
2	celine		\N
3	a.p.c		\N
5	paul smith		\N
7	chloe		\N
8	alexsander maqueen		\N
9	junya watanabe		\N
6	yohji yamamoto	brand_icon/6	\N
11	dolce & gabbana	brand_icon/11	\N
10	lanvin	brand_icon/10	\N
4	calvinklein	brand_icon/4	\N
\.


--
-- Data for Name: category_category; Type: TABLE DATA; Schema: public; Owner: enclopedia_administrator
--

COPY public.category_category (id, category_name, image, type_id) FROM stdin;
10	T	media/mercari3.png	606ea458-1e82-4da6-93a0-c8f7e9cdacad
11		media/mercari98.png	606ea458-1e82-4da6-93a0-c8f7e9cdacad
12		media/mercari1.png	606ea458-1e82-4da6-93a0-c8f7e9cdacad
13		media/mercari3_8IYMSUF.png	606ea458-1e82-4da6-93a0-c8f7e9cdacad
14		media/mercari3_qbQvDVW.png	606ea458-1e82-4da6-93a0-c8f7e9cdacad
15		media/mercari3_7UDASaf.png	606ea458-1e82-4da6-93a0-c8f7e9cdacad
16		media/mercari3_gqo6E2l.png	606ea458-1e82-4da6-93a0-c8f7e9cdacad
17		media/mercari3_15exKTn.png	606ea458-1e82-4da6-93a0-c8f7e9cdacad
18		media/IMG_5496.PNG	606ea458-1e82-4da6-93a0-c8f7e9cdacad
19		media/mercari3_FRvrpqA.png	63449973-7c95-4067-9234-3b0f2e6c4609
20		media/mercari3_lKFZ64b.png	63449973-7c95-4067-9234-3b0f2e6c4609
21		media/mercari12.png	a671614d-1512-41ea-9e24-944e7a8b2b04
\.


--
-- Data for Name: category_type; Type: TABLE DATA; Schema: public; Owner: enclopedia_administrator
--

COPY public.category_type (id, category_name, image) FROM stdin;
606ea458-1e82-4da6-93a0-c8f7e9cdacad		category/606ea458-1e82-4da6-93a0-c8f7e9cdacad
63449973-7c95-4067-9234-3b0f2e6c4609		category/63449973-7c95-4067-9234-3b0f2e6c4609
61758b95-35c6-42a7-96ea-65bb38138205		category/61758b95-35c6-42a7-96ea-65bb38138205
026f3982-eb5d-44f5-8624-44b7f8f734cc		category/026f3982-eb5d-44f5-8624-44b7f8f734cc
1ef39334-969b-4c1a-b8ea-769858fca964		category/1ef39334-969b-4c1a-b8ea-769858fca964
a671614d-1512-41ea-9e24-944e7a8b2b04		category/a671614d-1512-41ea-9e24-944e7a8b2b04
d3091751-fd42-4f42-891c-3cd416045470		category/d3091751-fd42-4f42-891c-3cd416045470
490f5194-fcfe-4cdd-b11a-a449e254cde2		category/490f5194-fcfe-4cdd-b11a-a449e254cde2
1c259c3f-26e1-4e66-aa53-0ca13301470a		category/1c259c3f-26e1-4e66-aa53-0ca13301470a
e55d1ea6-d2a0-45c3-8b7f-0950baf963a7		category/e55d1ea6-d2a0-45c3-8b7f-0950baf963a7
e974dbd0-d905-461d-971c-88e6f82ee894		category/e974dbd0-d905-461d-971c-88e6f82ee894
bcac6df1-0dbb-419e-b9ab-cf82770c07e1		category/bcac6df1-0dbb-419e-b9ab-cf82770c07e1
444ddac8-45a3-4350-b60f-82f920d5b9a4		category/444ddac8-45a3-4350-b60f-82f920d5b9a4
401baf87-0641-4ed1-9c33-ade68183fa64		category/401baf87-0641-4ed1-9c33-ade68183fa64
\.


--
-- Data for Name: closet_closet; Type: TABLE DATA; Schema: public; Owner: enclopedia_administrator
--

COPY public.closet_closet (id, closet_name, description, created_at, updated_at, user_id) FROM stdin;
12	celine archive		2022-07-02 02:19:27.875026+09	2022-07-02 02:19:27.875053+09	0a9293fc-133e-46ca-973c-c60bbd224edd
\.


--
-- Data for Name: closet_cloth; Type: TABLE DATA; Schema: public; Owner: enclopedia_administrator
--

COPY public.closet_cloth (id, created_at, updated_at, closet_id, product_id) FROM stdin;
26	2022-07-02 02:19:28.123288+09	2022-07-02 02:19:28.123307+09	12	de8b84d2-348d-4399-a3bb-9585827b15ad
\.


--
-- Data for Name: django_admin_log; Type: TABLE DATA; Schema: public; Owner: enclopedia_administrator
--

COPY public.django_admin_log (id, action_time, object_id, object_repr, action_flag, change_message, content_type_id, user_id) FROM stdin;
1	2022-02-28 19:56:30.789324+09	96e6c989-8796-43e4-8bf6-c56b75d7996b	naoki228@gmail.com	3		19	0a9293fc-133e-46ca-973c-c60bbd224edd
2	2022-02-28 19:56:41.281498+09	a223c783-19fa-465d-be58-44be73721997	Profile object (a223c783-19fa-465d-be58-44be73721997)	3		17	0a9293fc-133e-46ca-973c-c60bbd224edd
3	2022-02-28 20:08:13.855632+09	4ce23641-10e8-477e-ac26-197018c0fd19	celine	1	[{"added": {}}]	21	0a9293fc-133e-46ca-973c-c60bbd224edd
4	2022-02-28 20:13:34.66781+09	920fba81-fd1a-4ccc-aced-a06452d91abc	comme des garons check coat	1	[{"added": {}}]	21	0a9293fc-133e-46ca-973c-c60bbd224edd
5	2022-02-28 20:23:45.879671+09	1		1	[{"added": {}}]	23	0a9293fc-133e-46ca-973c-c60bbd224edd
6	2022-02-28 20:23:54.8615+09	601c3e23-bfd7-4149-bf91-64923645bcd4	2130	1	[{"added": {}}]	20	0a9293fc-133e-46ca-973c-c60bbd224edd
7	2022-02-28 20:40:54.765459+09	e0ad8fac-79d3-40d8-9663-8b3ba72dc4a2	calvinklein	1	[{"added": {}}]	21	0a9293fc-133e-46ca-973c-c60bbd224edd
8	2022-02-28 20:42:07.55591+09	1	comme des garon	1	[{"added": {}}]	14	0a9293fc-133e-46ca-973c-c60bbd224edd
9	2022-02-28 20:42:22.608502+09	2	celine	1	[{"added": {}}]	14	0a9293fc-133e-46ca-973c-c60bbd224edd
10	2022-02-28 20:44:12.817148+09	3	a.p.c	1	[{"added": {}}]	14	0a9293fc-133e-46ca-973c-c60bbd224edd
11	2022-02-28 20:44:24.593928+09	4	calvinklein	1	[{"added": {}}]	14	0a9293fc-133e-46ca-973c-c60bbd224edd
12	2022-02-28 20:44:42.809998+09	1		1	[{"added": {}}]	15	0a9293fc-133e-46ca-973c-c60bbd224edd
13	2022-02-28 20:44:51.851417+09	2		1	[{"added": {}}]	15	0a9293fc-133e-46ca-973c-c60bbd224edd
14	2022-02-28 20:45:05.437271+09	3		1	[{"added": {}}]	15	0a9293fc-133e-46ca-973c-c60bbd224edd
15	2022-02-28 20:45:14.242012+09	4		1	[{"added": {}}]	15	0a9293fc-133e-46ca-973c-c60bbd224edd
16	2022-02-28 20:45:20.739403+09	5		1	[{"added": {}}]	15	0a9293fc-133e-46ca-973c-c60bbd224edd
17	2022-02-28 20:45:28.158022+09	6		1	[{"added": {}}]	15	0a9293fc-133e-46ca-973c-c60bbd224edd
18	2022-02-28 20:45:51.754438+09	e0ad8fac-79d3-40d8-9663-8b3ba72dc4a2	calvinklein	2	[{"changed": {"fields": ["Category", "Brand"]}}]	21	0a9293fc-133e-46ca-973c-c60bbd224edd
19	2022-02-28 20:45:57.796986+09	e0ad8fac-79d3-40d8-9663-8b3ba72dc4a2	calvinklein	2	[{"changed": {"fields": ["Gender"]}}]	21	0a9293fc-133e-46ca-973c-c60bbd224edd
20	2022-02-28 20:46:19.397048+09	920fba81-fd1a-4ccc-aced-a06452d91abc	comme des garons check coat	2	[{"changed": {"fields": ["Category", "Brand", "Gender"]}}]	21	0a9293fc-133e-46ca-973c-c60bbd224edd
21	2022-02-28 23:55:00.23692+09	920fba81-fd1a-4ccc-aced-a06452d91abc	comme des garons check coat	3		21	0a9293fc-133e-46ca-973c-c60bbd224edd
22	2022-02-28 23:55:00.249097+09	4ce23641-10e8-477e-ac26-197018c0fd19	celine	3		21	0a9293fc-133e-46ca-973c-c60bbd224edd
23	2022-02-28 23:55:42.654763+09	6caa14f1-b88e-48bf-a496-f23e2bddbd2d	celine	1	[{"added": {}}]	21	0a9293fc-133e-46ca-973c-c60bbd224edd
24	2022-02-28 23:57:57.166027+09	ada96f76-78c3-40c7-865c-205707ff021a	comme des garsons slacks	1	[{"added": {}}]	21	0a9293fc-133e-46ca-973c-c60bbd224edd
25	2022-03-01 07:39:37.462522+09	6		2	[{"changed": {"fields": ["Image"]}}]	15	0a9293fc-133e-46ca-973c-c60bbd224edd
26	2022-03-01 07:40:31.860623+09	5		2	[{"changed": {"fields": ["Image"]}}]	15	0a9293fc-133e-46ca-973c-c60bbd224edd
27	2022-03-01 07:45:38.878152+09	4		2	[{"changed": {"fields": ["Image"]}}]	15	0a9293fc-133e-46ca-973c-c60bbd224edd
28	2022-03-01 07:46:02.912571+09	2		2	[{"changed": {"fields": ["Image"]}}]	15	0a9293fc-133e-46ca-973c-c60bbd224edd
29	2022-03-01 07:46:14.055676+09	1		2	[{"changed": {"fields": ["Image"]}}]	15	0a9293fc-133e-46ca-973c-c60bbd224edd
30	2022-03-01 07:50:53.064513+09	f67d50da-a43b-4e4d-80ac-1d64b012dfcb	a.p.c rabit far bulson	1	[{"added": {}}]	21	0a9293fc-133e-46ca-973c-c60bbd224edd
31	2022-03-01 07:52:12.638852+09	5	paul smith	1	[{"added": {}}]	14	0a9293fc-133e-46ca-973c-c60bbd224edd
32	2022-03-01 07:53:30.812888+09	2		1	[{"added": {}}]	23	0a9293fc-133e-46ca-973c-c60bbd224edd
33	2022-03-01 07:53:43.423796+09	13490ee4-375a-4cf2-8936-ede7936f8fed	980	1	[{"added": {}}]	20	0a9293fc-133e-46ca-973c-c60bbd224edd
34	2022-03-01 07:57:26.488043+09	bc536466-2d15-4919-828a-b55178af6ec8	a.p.c rabit far bulson	1	[{"added": {}}]	21	0a9293fc-133e-46ca-973c-c60bbd224edd
35	2022-03-01 08:03:40.506779+09	7		1	[{"added": {}}]	15	0a9293fc-133e-46ca-973c-c60bbd224edd
36	2022-03-01 08:03:56.404045+09	6	yoji yamamoto	1	[{"added": {}}]	14	0a9293fc-133e-46ca-973c-c60bbd224edd
37	2022-03-01 08:04:08.897853+09	408a6647-4a16-4370-ad3a-c590adbb22e8	yoji yamamoto set up	1	[{"added": {}}]	21	0a9293fc-133e-46ca-973c-c60bbd224edd
38	2022-03-01 08:06:31.136288+09	f67d50da-a43b-4e4d-80ac-1d64b012dfcb	a.p.c rabit far bulson	2	[{"changed": {"fields": ["Img"]}}]	21	0a9293fc-133e-46ca-973c-c60bbd224edd
39	2022-03-01 08:08:00.95063+09	bc536466-2d15-4919-828a-b55178af6ec8	comme des garsons short pant	2	[{"changed": {"fields": ["Product name", "Description", "Review count", "Brand"]}}]	21	0a9293fc-133e-46ca-973c-c60bbd224edd
40	2022-03-01 08:09:20.772395+09	bc536466-2d15-4919-828a-b55178af6ec8	comme des garsons short pant	2	[{"changed": {"fields": ["Img"]}}]	21	0a9293fc-133e-46ca-973c-c60bbd224edd
41	2022-03-01 08:49:53.456491+09	ac57d618-6a15-4926-bd7c-1d559fe44ce6	demo@gmail.com	3		16	0a9293fc-133e-46ca-973c-c60bbd224edd
42	2022-03-01 08:49:54.41799+09	ac57d618-6a15-4926-bd7c-1d559fe44ce6	demo@gmail.com	3		16	0a9293fc-133e-46ca-973c-c60bbd224edd
43	2022-03-01 08:49:55.686419+09	ac57d618-6a15-4926-bd7c-1d559fe44ce6	demo@gmail.com	3		16	0a9293fc-133e-46ca-973c-c60bbd224edd
44	2022-03-01 08:49:55.842997+09	ac57d618-6a15-4926-bd7c-1d559fe44ce6	demo@gmail.com	3		16	0a9293fc-133e-46ca-973c-c60bbd224edd
45	2022-03-01 08:49:57.545102+09	ac57d618-6a15-4926-bd7c-1d559fe44ce6	demo@gmail.com	3		16	0a9293fc-133e-46ca-973c-c60bbd224edd
48	2022-03-01 15:30:08.697401+09	3		2	[{"changed": {"fields": ["Image"]}}]	15	0a9293fc-133e-46ca-973c-c60bbd224edd
49	2022-03-01 15:32:50.364584+09	4f83965e-dab1-4ddf-b296-34c12f444cfe	yoji yamamoto  	1	[{"added": {}}]	21	0a9293fc-133e-46ca-973c-c60bbd224edd
50	2022-03-01 16:41:43.82645+09	3	None	2	[{"changed": {"fields": ["Plan"]}}]	31	0a9293fc-133e-46ca-973c-c60bbd224edd
51	2022-03-01 16:42:29.504999+09	3	None	2	[{"changed": {"fields": ["Plan"]}}]	31	0a9293fc-133e-46ca-973c-c60bbd224edd
52	2022-03-01 18:33:45.227806+09	1	CartItem object (1)	3		38	0a9293fc-133e-46ca-973c-c60bbd224edd
53	2022-03-02 22:47:52.275645+09	3		2	[{"changed": {"fields": ["Image"]}}]	15	0a9293fc-133e-46ca-973c-c60bbd224edd
54	2022-03-02 22:49:52.37679+09	714f941c-d1e6-4939-b7ee-831714896692	yoji yamamoto 2003ss  T-shirt	1	[{"added": {}}]	21	0a9293fc-133e-46ca-973c-c60bbd224edd
55	2022-03-02 22:50:19.077701+09	714f941c-d1e6-4939-b7ee-831714896692	yoji yamamoto 2003ss  T-shirt	2	[{"changed": {"fields": ["Img"]}}]	21	0a9293fc-133e-46ca-973c-c60bbd224edd
56	2022-03-03 11:53:27.061154+09	2	http://127.0.0.1:8000/media/product/714f941c-d1e6-4939-b7ee-831714896692.jpg	3		36	0a9293fc-133e-46ca-973c-c60bbd224edd
57	2022-03-03 11:55:28.309566+09	4	http://127.0.0.1:8000/media/product/714f941c-d1e6-4939-b7ee-831714896692.jpg	3		36	0a9293fc-133e-46ca-973c-c60bbd224edd
58	2022-03-03 11:55:28.325533+09	3	http://127.0.0.1:8000/media/product/714f941c-d1e6-4939-b7ee-831714896692.jpg	3		36	0a9293fc-133e-46ca-973c-c60bbd224edd
59	2022-03-03 11:55:52.609894+09	1	http://127.0.0.1:8000/media/product/714f941c-d1e6-4939-b7ee-831714896692.jpg	3		36	0a9293fc-133e-46ca-973c-c60bbd224edd
60	2022-03-03 11:56:35.343098+09	6	http://127.0.0.1:8000/media/product/714f941c-d1e6-4939-b7ee-831714896692.jpg	3		36	0a9293fc-133e-46ca-973c-c60bbd224edd
61	2022-03-03 16:16:56.565299+09	7	http://127.0.0.1:8000/media/product/714f941c-d1e6-4939-b7ee-831714896692.jpg	3		36	0a9293fc-133e-46ca-973c-c60bbd224edd
230	2022-03-17 16:50:28.61421+09	6f38177c-cf88-40b4-896b-6ca7fbfbc2e0	0	1	[{"added": {}}]	20	0a9293fc-133e-46ca-973c-c60bbd224edd
62	2022-03-03 21:00:13.11973+09	47e41f23-d6da-464c-972f-a075e107a335	Profile object (47e41f23-d6da-464c-972f-a075e107a335)	2	[{"changed": {"fields": ["Gender", "Birth day", "Img"]}}]	17	0a9293fc-133e-46ca-973c-c60bbd224edd
63	2022-03-03 21:37:29.648713+09	47e41f23-d6da-464c-972f-a075e107a335	Profile object (47e41f23-d6da-464c-972f-a075e107a335)	2	[{"changed": {"fields": ["User"]}}]	17	0a9293fc-133e-46ca-973c-c60bbd224edd
64	2022-03-03 22:01:56.025471+09	3	(60	1	[{"added": {}}]	23	0a9293fc-133e-46ca-973c-c60bbd224edd
65	2022-03-03 22:02:03.70229+09	fea5d42d-da4f-4879-84f2-86011d84abf5	2980	1	[{"added": {}}]	20	0a9293fc-133e-46ca-973c-c60bbd224edd
66	2022-03-03 22:02:11.32347+09	da0eacbd-569a-4f4a-85a3-b94d73510c86	Y's yoji yamamoto 	1	[{"added": {}}]	21	0a9293fc-133e-46ca-973c-c60bbd224edd
67	2022-03-03 22:13:12.450547+09	8		1	[{"added": {}}]	15	0a9293fc-133e-46ca-973c-c60bbd224edd
68	2022-03-03 22:13:31.091138+09	7	chloe	1	[{"added": {}}]	14	0a9293fc-133e-46ca-973c-c60bbd224edd
69	2022-03-03 22:13:40.603741+09	6683a9f4-86c1-48c1-a0e6-4f8720b35c12	chloe 	1	[{"added": {}}]	21	0a9293fc-133e-46ca-973c-c60bbd224edd
70	2022-03-03 22:16:35.010257+09	8	alexsander maqueen	1	[{"added": {}}]	14	0a9293fc-133e-46ca-973c-c60bbd224edd
71	2022-03-03 22:16:42.048438+09	0ca54d20-b34c-4300-b8f6-65f0f6f6afd5	alexsander maqueen p	1	[{"added": {}}]	21	0a9293fc-133e-46ca-973c-c60bbd224edd
72	2022-03-04 11:09:41.795387+09	ac57d618-6a15-4926-bd7c-1d559fe44ce6	demo@gmail.com	3		16	0a9293fc-133e-46ca-973c-c60bbd224edd
73	2022-03-04 17:30:08.70124+09	fb45a1df-9484-4dcb-af85-28f5d6535c6f	naoki228@gmail.com	2	[{"changed": {"fields": ["PhoneNubmer"]}}]	19	0a9293fc-133e-46ca-973c-c60bbd224edd
74	2022-03-05 08:11:46.135392+09	3	celine archivefd	3		35	0a9293fc-133e-46ca-973c-c60bbd224edd
75	2022-03-05 08:11:46.148784+09	2		3		35	0a9293fc-133e-46ca-973c-c60bbd224edd
76	2022-03-08 13:54:11.305708+09	b395d1f6-e611-483b-b9d2-328896234392	b395d1f6-e611-483b-b9d2-328896234392	3		37	0a9293fc-133e-46ca-973c-c60bbd224edd
77	2022-03-08 13:54:11.542633+09	a993e0f9-fdcd-493c-bf7d-f879ca69b04d	a993e0f9-fdcd-493c-bf7d-f879ca69b04d	3		37	0a9293fc-133e-46ca-973c-c60bbd224edd
78	2022-03-08 13:54:11.573422+09	936231c0-53e1-496d-bc32-75d3fb7d6810	936231c0-53e1-496d-bc32-75d3fb7d6810	3		37	0a9293fc-133e-46ca-973c-c60bbd224edd
79	2022-03-08 13:54:11.584255+09	81d1b327-1244-4efa-93cc-660cf9ddb61b	81d1b327-1244-4efa-93cc-660cf9ddb61b	3		37	0a9293fc-133e-46ca-973c-c60bbd224edd
80	2022-03-08 13:54:11.594425+09	773b58df-1135-46cc-b6cf-2f29b97a6e34	773b58df-1135-46cc-b6cf-2f29b97a6e34	3		37	0a9293fc-133e-46ca-973c-c60bbd224edd
81	2022-03-08 13:54:11.613194+09	748ce9d6-a16e-4c9b-a3c5-9a3b813da925	748ce9d6-a16e-4c9b-a3c5-9a3b813da925	3		37	0a9293fc-133e-46ca-973c-c60bbd224edd
82	2022-03-08 13:54:11.625573+09	6e4cce14-83bc-4b2e-9e06-b060de910aa5	6e4cce14-83bc-4b2e-9e06-b060de910aa5	3		37	0a9293fc-133e-46ca-973c-c60bbd224edd
83	2022-03-08 13:54:11.635309+09	6758ca21-7642-4634-9af1-9f6fa0be9190	6758ca21-7642-4634-9af1-9f6fa0be9190	3		37	0a9293fc-133e-46ca-973c-c60bbd224edd
84	2022-03-08 13:54:11.64403+09	6629d934-984b-445b-8497-3cebdb85a019	6629d934-984b-445b-8497-3cebdb85a019	3		37	0a9293fc-133e-46ca-973c-c60bbd224edd
85	2022-03-08 13:54:11.652116+09	5e60f87a-0a93-40d0-afb6-f63b37eeee59	5e60f87a-0a93-40d0-afb6-f63b37eeee59	3		37	0a9293fc-133e-46ca-973c-c60bbd224edd
86	2022-03-08 13:54:11.659724+09	5987d1ea-7b91-40d9-b00f-2e0417f78539	5987d1ea-7b91-40d9-b00f-2e0417f78539	3		37	0a9293fc-133e-46ca-973c-c60bbd224edd
87	2022-03-08 13:54:11.667607+09	55a1e19b-0323-4ece-add2-07e7174a3389	55a1e19b-0323-4ece-add2-07e7174a3389	3		37	0a9293fc-133e-46ca-973c-c60bbd224edd
88	2022-03-08 13:54:11.675654+09	50650c71-dac2-4f8d-9dc0-8a562c86f5fe	50650c71-dac2-4f8d-9dc0-8a562c86f5fe	3		37	0a9293fc-133e-46ca-973c-c60bbd224edd
89	2022-03-08 13:54:11.683324+09	4a878c2e-81d5-4016-9eda-8ecc43e94a2f	4a878c2e-81d5-4016-9eda-8ecc43e94a2f	3		37	0a9293fc-133e-46ca-973c-c60bbd224edd
90	2022-03-08 13:54:11.697047+09	45742324-dbf7-44f4-a44b-21cf90311dba	45742324-dbf7-44f4-a44b-21cf90311dba	3		37	0a9293fc-133e-46ca-973c-c60bbd224edd
91	2022-03-08 13:54:11.716649+09	3055e9a0-9f31-4540-99f6-93582ae5e41a	3055e9a0-9f31-4540-99f6-93582ae5e41a	3		37	0a9293fc-133e-46ca-973c-c60bbd224edd
92	2022-03-08 13:54:11.740169+09	169fa215-0150-474b-85c3-29931f71fb78	169fa215-0150-474b-85c3-29931f71fb78	3		37	0a9293fc-133e-46ca-973c-c60bbd224edd
93	2022-03-08 13:54:11.757369+09	11ea1cf4-18a2-4460-8f66-b422773e310e	11ea1cf4-18a2-4460-8f66-b422773e310e	3		37	0a9293fc-133e-46ca-973c-c60bbd224edd
94	2022-03-08 13:54:11.7718+09	0846dff1-2115-41b1-bce7-921e707d18db	0846dff1-2115-41b1-bce7-921e707d18db	3		37	0a9293fc-133e-46ca-973c-c60bbd224edd
95	2022-03-08 13:54:11.779329+09	07dcc276-ad47-4fef-b037-c1ae3e526214	07dcc276-ad47-4fef-b037-c1ae3e526214	3		37	0a9293fc-133e-46ca-973c-c60bbd224edd
96	2022-03-08 13:54:11.792199+09	00b97ca5-1f0e-4a53-b5fd-87c4dfe36924	00b97ca5-1f0e-4a53-b5fd-87c4dfe36924	3		37	0a9293fc-133e-46ca-973c-c60bbd224edd
97	2022-03-08 22:12:43.417653+09	f550ef41-5777-4c44-a4cb-9c875f012bcc	f550ef41-5777-4c44-a4cb-9c875f012bcc	3		29	0a9293fc-133e-46ca-973c-c60bbd224edd
98	2022-03-08 22:12:43.438508+09	e27c12bc-5c1f-43c7-adc9-94278706cbe5	e27c12bc-5c1f-43c7-adc9-94278706cbe5	3		29	0a9293fc-133e-46ca-973c-c60bbd224edd
99	2022-03-08 22:12:43.447347+09	d795c983-a4e6-45fa-93fe-d8557ab56e2d	d795c983-a4e6-45fa-93fe-d8557ab56e2d	3		29	0a9293fc-133e-46ca-973c-c60bbd224edd
100	2022-03-08 22:12:43.456029+09	cda96814-6637-4cff-948f-2d6c310843a1	cda96814-6637-4cff-948f-2d6c310843a1	3		29	0a9293fc-133e-46ca-973c-c60bbd224edd
101	2022-03-08 22:12:43.463372+09	cb2c0fa5-5a57-4457-aa1b-abfab2f671cd	cb2c0fa5-5a57-4457-aa1b-abfab2f671cd	3		29	0a9293fc-133e-46ca-973c-c60bbd224edd
102	2022-03-08 22:12:43.470912+09	c390d801-71da-4d35-8f63-5f1cb4632b56	c390d801-71da-4d35-8f63-5f1cb4632b56	3		29	0a9293fc-133e-46ca-973c-c60bbd224edd
103	2022-03-08 22:12:43.478499+09	b583fff9-14da-4bb5-9c23-781bd4e28780	b583fff9-14da-4bb5-9c23-781bd4e28780	3		29	0a9293fc-133e-46ca-973c-c60bbd224edd
104	2022-03-08 22:12:43.487622+09	b12198ba-410a-40a7-bfe5-3187cf62a48d	b12198ba-410a-40a7-bfe5-3187cf62a48d	3		29	0a9293fc-133e-46ca-973c-c60bbd224edd
105	2022-03-08 22:12:43.49568+09	adaf3c00-447a-4ef9-9659-f4f85d2a4fa0	adaf3c00-447a-4ef9-9659-f4f85d2a4fa0	3		29	0a9293fc-133e-46ca-973c-c60bbd224edd
106	2022-03-08 22:12:43.50378+09	a38b3bc5-1d72-4e2b-96b5-cee7a8f7ed8e	a38b3bc5-1d72-4e2b-96b5-cee7a8f7ed8e	3		29	0a9293fc-133e-46ca-973c-c60bbd224edd
107	2022-03-08 22:12:43.5121+09	9d1d1700-43f9-4db2-9e1c-bdd3a0038c67	9d1d1700-43f9-4db2-9e1c-bdd3a0038c67	3		29	0a9293fc-133e-46ca-973c-c60bbd224edd
108	2022-03-08 22:12:43.522262+09	979988bb-508a-470b-b64d-b17cbfa876a9	979988bb-508a-470b-b64d-b17cbfa876a9	3		29	0a9293fc-133e-46ca-973c-c60bbd224edd
109	2022-03-08 22:12:43.53026+09	8987f36b-ed72-4647-a75d-711871e6462a	8987f36b-ed72-4647-a75d-711871e6462a	3		29	0a9293fc-133e-46ca-973c-c60bbd224edd
110	2022-03-08 22:12:43.537979+09	821707d9-a044-4934-bde3-31f5bdb97bbe	821707d9-a044-4934-bde3-31f5bdb97bbe	3		29	0a9293fc-133e-46ca-973c-c60bbd224edd
111	2022-03-08 22:12:43.546008+09	7b85e974-f9a9-40a7-9bd7-9133120ab322	7b85e974-f9a9-40a7-9bd7-9133120ab322	3		29	0a9293fc-133e-46ca-973c-c60bbd224edd
112	2022-03-08 22:12:43.553921+09	71f79b4b-9a16-4629-a02b-151d727e4763	71f79b4b-9a16-4629-a02b-151d727e4763	3		29	0a9293fc-133e-46ca-973c-c60bbd224edd
113	2022-03-08 22:12:43.561551+09	6417497c-5974-4469-90ad-ec88c0d27153	6417497c-5974-4469-90ad-ec88c0d27153	3		29	0a9293fc-133e-46ca-973c-c60bbd224edd
114	2022-03-08 22:12:43.570357+09	4b0c58f0-5bec-4360-99da-ef30e7946029	4b0c58f0-5bec-4360-99da-ef30e7946029	3		29	0a9293fc-133e-46ca-973c-c60bbd224edd
115	2022-03-08 22:12:43.578206+09	368ad50b-f720-44a3-b45d-c13d7979235f	368ad50b-f720-44a3-b45d-c13d7979235f	3		29	0a9293fc-133e-46ca-973c-c60bbd224edd
116	2022-03-08 22:12:43.585811+09	33c10a30-fdc3-4528-8247-597250a642af	33c10a30-fdc3-4528-8247-597250a642af	3		29	0a9293fc-133e-46ca-973c-c60bbd224edd
117	2022-03-08 22:12:43.594367+09	32af4ef5-9b11-445b-ab2a-1c855d18b629	32af4ef5-9b11-445b-ab2a-1c855d18b629	3		29	0a9293fc-133e-46ca-973c-c60bbd224edd
118	2022-03-08 22:12:43.603446+09	18718a5e-8e89-488a-9e79-c434fd02d1ac	18718a5e-8e89-488a-9e79-c434fd02d1ac	3		29	0a9293fc-133e-46ca-973c-c60bbd224edd
119	2022-03-08 22:12:43.612256+09	1761ddcd-aeeb-4300-9946-255bc96a6f98	1761ddcd-aeeb-4300-9946-255bc96a6f98	3		29	0a9293fc-133e-46ca-973c-c60bbd224edd
120	2022-03-08 22:12:43.620031+09	0158d93b-68a0-4caf-8912-5c4828d5289c	0158d93b-68a0-4caf-8912-5c4828d5289c	3		29	0a9293fc-133e-46ca-973c-c60bbd224edd
121	2022-03-08 22:31:32.724371+09	635a9695-a038-4540-ac26-7022dbc27fee	635a9695-a038-4540-ac26-7022dbc27fee	3		29	0a9293fc-133e-46ca-973c-c60bbd224edd
122	2022-03-09 01:56:27.764669+09	53a5962d-a7c2-4506-b783-2e661ede233a	53a5962d-a7c2-4506-b783-2e661ede233a	3		29	0a9293fc-133e-46ca-973c-c60bbd224edd
123	2022-03-09 02:09:09.116359+09	ec777944-c984-4992-9556-add922a45d4e	ec777944-c984-4992-9556-add922a45d4e	3		29	0a9293fc-133e-46ca-973c-c60bbd224edd
124	2022-03-09 02:09:56.930642+09	e0ad8fac-79d3-40d8-9663-8b3ba72dc4a2	calvinklein	2	[{"changed": {"fields": ["Stock"]}}]	21	0a9293fc-133e-46ca-973c-c60bbd224edd
125	2022-03-09 03:08:19.598006+09	d0d0723c-8ac8-4af8-b39b-0ac147ff5553	d0d0723c-8ac8-4af8-b39b-0ac147ff5553	3		29	0a9293fc-133e-46ca-973c-c60bbd224edd
126	2022-03-09 09:42:07.120151+09	8530d65c-7e13-4f45-8281-df6d25d58071	8530d65c-7e13-4f45-8281-df6d25d58071	3		29	0a9293fc-133e-46ca-973c-c60bbd224edd
127	2022-03-09 09:42:25.220987+09	da0eacbd-569a-4f4a-85a3-b94d73510c86	Y's yoji yamamoto 	2	[{"changed": {"fields": ["Stock"]}}]	21	0a9293fc-133e-46ca-973c-c60bbd224edd
128	2022-03-09 09:42:34.206496+09	e0ad8fac-79d3-40d8-9663-8b3ba72dc4a2	calvinklein	2	[{"changed": {"fields": ["Stock"]}}]	21	0a9293fc-133e-46ca-973c-c60bbd224edd
129	2022-03-09 09:51:09.392801+09	e0ad8fac-79d3-40d8-9663-8b3ba72dc4a2	calvinklein	2	[]	21	0a9293fc-133e-46ca-973c-c60bbd224edd
130	2022-03-09 10:58:31.466965+09	25	CartItem object (25)	3		38	0a9293fc-133e-46ca-973c-c60bbd224edd
131	2022-03-09 11:00:07.445568+09	2		2	[{"changed": {"fields": ["Shipping price"]}}]	23	0a9293fc-133e-46ca-973c-c60bbd224edd
132	2022-03-09 11:00:10.959527+09	bc536466-2d15-4919-828a-b55178af6ec8	comme des garsons short pant	2	[]	21	0a9293fc-133e-46ca-973c-c60bbd224edd
133	2022-03-09 11:04:06.127682+09	f67d50da-a43b-4e4d-80ac-1d64b012dfcb	a.p.c rabit far bulson	2	[{"changed": {"fields": ["Is subscription", "Price", "Gender"]}}]	21	0a9293fc-133e-46ca-973c-c60bbd224edd
134	2022-03-09 11:04:24.179254+09	19966ea3-4d83-401a-a229-c83bd5e0e3ed	2340	1	[{"added": {}}]	20	0a9293fc-133e-46ca-973c-c60bbd224edd
135	2022-03-09 11:05:55.585634+09	f67d50da-a43b-4e4d-80ac-1d64b012dfcb	a.p.c rabit far bulson	2	[{"changed": {"fields": ["Price"]}}]	21	0a9293fc-133e-46ca-973c-c60bbd224edd
136	2022-03-09 11:07:08.557962+09	27	CartItem object (27)	3		38	0a9293fc-133e-46ca-973c-c60bbd224edd
137	2022-03-09 11:07:08.577149+09	26	CartItem object (26)	3		38	0a9293fc-133e-46ca-973c-c60bbd224edd
138	2022-03-12 01:39:49.894547+09	1		1	[{"added": {}}]	39	0a9293fc-133e-46ca-973c-c60bbd224edd
139	2022-03-12 01:51:34.771781+09	1		3		39	0a9293fc-133e-46ca-973c-c60bbd224edd
140	2022-03-12 11:44:44.285605+09	11		1	[{"added": {}}]	39	0a9293fc-133e-46ca-973c-c60bbd224edd
141	2022-03-13 00:54:17.055054+09	5		1	[{"added": {}}]	41	0a9293fc-133e-46ca-973c-c60bbd224edd
142	2022-03-15 13:47:41.231182+09	914a1622-5245-45db-9278-83fcdecebef1	914a1622-5245-45db-9278-83fcdecebef1	2	[{"changed": {"fields": ["Status"]}}]	29	0a9293fc-133e-46ca-973c-c60bbd224edd
143	2022-03-15 20:02:58.096155+09	914a1622-5245-45db-9278-83fcdecebef1	914a1622-5245-45db-9278-83fcdecebef1	3		29	0a9293fc-133e-46ca-973c-c60bbd224edd
144	2022-03-15 20:02:58.114092+09	76eab300-34ad-4d34-9806-ac015153e032	76eab300-34ad-4d34-9806-ac015153e032	3		29	0a9293fc-133e-46ca-973c-c60bbd224edd
145	2022-03-15 20:02:58.12255+09	727622a9-f0dd-4dbd-b75d-c0da5eb576e7	727622a9-f0dd-4dbd-b75d-c0da5eb576e7	3		29	0a9293fc-133e-46ca-973c-c60bbd224edd
146	2022-03-15 20:02:58.130799+09	722caaa9-d027-48d5-8b02-affdc918ff1f	722caaa9-d027-48d5-8b02-affdc918ff1f	3		29	0a9293fc-133e-46ca-973c-c60bbd224edd
147	2022-03-15 20:02:58.146932+09	5bc00809-c323-44b7-8bcf-014028217d59	5bc00809-c323-44b7-8bcf-014028217d59	3		29	0a9293fc-133e-46ca-973c-c60bbd224edd
148	2022-03-15 20:02:58.158898+09	3dc49c5c-e5ae-4693-9183-93480046a75f	3dc49c5c-e5ae-4693-9183-93480046a75f	3		29	0a9293fc-133e-46ca-973c-c60bbd224edd
149	2022-03-15 20:02:58.169496+09	36c2d954-9263-4cc8-b710-c84bcd130e6d	36c2d954-9263-4cc8-b710-c84bcd130e6d	3		29	0a9293fc-133e-46ca-973c-c60bbd224edd
150	2022-03-15 20:02:58.17833+09	23771bdf-dc8e-4c8f-9a81-d2cd21ce9d13	23771bdf-dc8e-4c8f-9a81-d2cd21ce9d13	3		29	0a9293fc-133e-46ca-973c-c60bbd224edd
151	2022-03-17 15:13:56.179585+09	35	CartItem object (35)	3		38	0a9293fc-133e-46ca-973c-c60bbd224edd
152	2022-03-17 15:13:56.198684+09	34	CartItem object (34)	3		38	0a9293fc-133e-46ca-973c-c60bbd224edd
153	2022-03-17 15:23:31.491764+09	fe8f7a36-0225-4421-b1c3-765947e0a7d9	fe8f7a36-0225-4421-b1c3-765947e0a7d9	3		37	0a9293fc-133e-46ca-973c-c60bbd224edd
154	2022-03-17 15:23:31.505222+09	e68c796f-bebb-4f75-acb3-fb59559dbdfc	e68c796f-bebb-4f75-acb3-fb59559dbdfc	3		37	0a9293fc-133e-46ca-973c-c60bbd224edd
155	2022-03-17 15:23:31.513084+09	ddf60087-9ae4-4c56-aaaa-2be3982016f9	ddf60087-9ae4-4c56-aaaa-2be3982016f9	3		37	0a9293fc-133e-46ca-973c-c60bbd224edd
156	2022-03-17 15:23:31.521017+09	abc67ca8-43f5-4289-8eba-517a5bf8e95d	abc67ca8-43f5-4289-8eba-517a5bf8e95d	3		37	0a9293fc-133e-46ca-973c-c60bbd224edd
157	2022-03-17 15:23:31.528569+09	a8f5b6c7-3eff-4b0b-be84-1d5c970ab80b	a8f5b6c7-3eff-4b0b-be84-1d5c970ab80b	3		37	0a9293fc-133e-46ca-973c-c60bbd224edd
158	2022-03-17 15:23:31.536414+09	6c45e639-e34b-4df5-a671-f4522764288c	6c45e639-e34b-4df5-a671-f4522764288c	3		37	0a9293fc-133e-46ca-973c-c60bbd224edd
159	2022-03-17 15:23:31.544285+09	621de25f-f2b1-4ed8-ac63-1ac54a42fc6f	621de25f-f2b1-4ed8-ac63-1ac54a42fc6f	3		37	0a9293fc-133e-46ca-973c-c60bbd224edd
160	2022-03-17 15:23:31.55356+09	5fb62a89-25e0-4904-86fa-103c75344b69	5fb62a89-25e0-4904-86fa-103c75344b69	3		37	0a9293fc-133e-46ca-973c-c60bbd224edd
161	2022-03-17 15:23:31.56089+09	467c96ae-f339-4fd7-b93c-56569b64d758	467c96ae-f339-4fd7-b93c-56569b64d758	3		37	0a9293fc-133e-46ca-973c-c60bbd224edd
162	2022-03-17 15:23:31.569539+09	25bbde23-8481-48fe-8351-78de2ffc0bd6	25bbde23-8481-48fe-8351-78de2ffc0bd6	3		37	0a9293fc-133e-46ca-973c-c60bbd224edd
163	2022-03-17 15:23:31.576782+09	2573fbd0-72d4-4385-a48a-ddbdb880c5e0	2573fbd0-72d4-4385-a48a-ddbdb880c5e0	3		37	0a9293fc-133e-46ca-973c-c60bbd224edd
164	2022-03-17 15:23:31.583942+09	1f8d2ae0-968d-4095-8419-50f3492e26cb	1f8d2ae0-968d-4095-8419-50f3492e26cb	3		37	0a9293fc-133e-46ca-973c-c60bbd224edd
165	2022-03-17 15:23:31.591579+09	0975761f-f250-45f0-aecf-5cd7c0256655	0975761f-f250-45f0-aecf-5cd7c0256655	3		37	0a9293fc-133e-46ca-973c-c60bbd224edd
166	2022-03-17 15:28:32.261181+09	e34e084b-1efd-407c-b4ac-441654c25ae5	ReservationItem object (e34e084b-1efd-407c-b4ac-441654c25ae5)	3		30	0a9293fc-133e-46ca-973c-c60bbd224edd
167	2022-03-17 15:28:32.272554+09	dcef9384-fa4f-4033-bf13-3b5d062ef3a3	ReservationItem object (dcef9384-fa4f-4033-bf13-3b5d062ef3a3)	3		30	0a9293fc-133e-46ca-973c-c60bbd224edd
168	2022-03-17 15:28:32.280642+09	542e113e-43cb-4e84-9755-c56c88220fd2	ReservationItem object (542e113e-43cb-4e84-9755-c56c88220fd2)	3		30	0a9293fc-133e-46ca-973c-c60bbd224edd
169	2022-03-17 15:29:13.901974+09	f2d7e5bb-1f17-469b-bb1b-ed5fba39f2da	f2d7e5bb-1f17-469b-bb1b-ed5fba39f2da	3		37	0a9293fc-133e-46ca-973c-c60bbd224edd
170	2022-03-17 15:29:13.910696+09	c0a146fc-3dd4-4e76-a66b-775b044a80c4	c0a146fc-3dd4-4e76-a66b-775b044a80c4	3		37	0a9293fc-133e-46ca-973c-c60bbd224edd
171	2022-03-17 15:29:13.91846+09	b6443174-55b0-4098-9b9b-da2016f93bd4	b6443174-55b0-4098-9b9b-da2016f93bd4	3		37	0a9293fc-133e-46ca-973c-c60bbd224edd
172	2022-03-17 15:29:13.92599+09	95de634b-0ceb-4e83-8126-8c9a560f7888	95de634b-0ceb-4e83-8126-8c9a560f7888	3		37	0a9293fc-133e-46ca-973c-c60bbd224edd
173	2022-03-17 15:29:13.93339+09	8cebb070-17ed-45a7-b95d-351e9a1f748b	8cebb070-17ed-45a7-b95d-351e9a1f748b	3		37	0a9293fc-133e-46ca-973c-c60bbd224edd
174	2022-03-17 15:29:13.941103+09	7236dc42-2033-484f-9262-4dae4e29998f	7236dc42-2033-484f-9262-4dae4e29998f	3		37	0a9293fc-133e-46ca-973c-c60bbd224edd
175	2022-03-17 15:29:13.949+09	54f0d770-db1d-4c83-997e-8a6907cb8152	54f0d770-db1d-4c83-997e-8a6907cb8152	3		37	0a9293fc-133e-46ca-973c-c60bbd224edd
176	2022-03-17 15:29:13.957742+09	1b0103c7-d074-481e-bfa6-03d0c0471dc4	1b0103c7-d074-481e-bfa6-03d0c0471dc4	3		37	0a9293fc-133e-46ca-973c-c60bbd224edd
177	2022-03-17 15:33:38.79734+09	e548303a-5ff4-49fc-b8fa-158ee1771b5e	e548303a-5ff4-49fc-b8fa-158ee1771b5e	3		37	0a9293fc-133e-46ca-973c-c60bbd224edd
178	2022-03-17 15:33:38.810042+09	48298b5d-e2e2-4990-843b-4a57e1c12b0c	48298b5d-e2e2-4990-843b-4a57e1c12b0c	3		37	0a9293fc-133e-46ca-973c-c60bbd224edd
179	2022-03-17 15:34:25.725169+09	45180c66-b223-4150-be11-9836d8e5bcd5	45180c66-b223-4150-be11-9836d8e5bcd5	3		37	0a9293fc-133e-46ca-973c-c60bbd224edd
180	2022-03-17 15:34:25.734875+09	3dc9d6c1-a23b-4a03-8c6b-12fb62e7a916	3dc9d6c1-a23b-4a03-8c6b-12fb62e7a916	3		37	0a9293fc-133e-46ca-973c-c60bbd224edd
181	2022-03-17 15:34:30.464814+09	ff3fa8ee-42bd-4374-9deb-3b870e8a0c79	ff3fa8ee-42bd-4374-9deb-3b870e8a0c79	3		37	0a9293fc-133e-46ca-973c-c60bbd224edd
182	2022-03-17 15:39:17.899637+09	972b51e1-69d4-43a1-8405-935b1da744ea	972b51e1-69d4-43a1-8405-935b1da744ea	3		37	0a9293fc-133e-46ca-973c-c60bbd224edd
183	2022-03-17 15:39:17.910327+09	391fd6fd-5d6f-4d7b-a871-068b6c0d6098	391fd6fd-5d6f-4d7b-a871-068b6c0d6098	3		37	0a9293fc-133e-46ca-973c-c60bbd224edd
184	2022-03-17 15:43:28.793829+09	c68e9668-60a6-4283-88be-4ef5901db043	c68e9668-60a6-4283-88be-4ef5901db043	3		37	0a9293fc-133e-46ca-973c-c60bbd224edd
185	2022-03-17 15:43:28.804966+09	b0f60a65-ca68-4443-8d4f-6ec51a8416b6	b0f60a65-ca68-4443-8d4f-6ec51a8416b6	3		37	0a9293fc-133e-46ca-973c-c60bbd224edd
186	2022-03-17 15:46:46.490421+09	d7579feb-cc21-44d6-89e9-f7c5641c0146	d7579feb-cc21-44d6-89e9-f7c5641c0146	3		37	0a9293fc-133e-46ca-973c-c60bbd224edd
187	2022-03-17 15:46:46.499849+09	622322bc-8ac4-469c-bfd0-02ccc689295a	622322bc-8ac4-469c-bfd0-02ccc689295a	3		37	0a9293fc-133e-46ca-973c-c60bbd224edd
188	2022-03-17 15:52:19.217624+09	ec8d5c21-24b5-400c-b7a9-b9e0871b19da	ec8d5c21-24b5-400c-b7a9-b9e0871b19da	3		37	0a9293fc-133e-46ca-973c-c60bbd224edd
189	2022-03-17 15:52:19.235575+09	e0ec2073-f5bf-4018-980d-ad146cabbb6e	e0ec2073-f5bf-4018-980d-ad146cabbb6e	3		37	0a9293fc-133e-46ca-973c-c60bbd224edd
190	2022-03-17 15:52:19.243236+09	cc5363ff-3152-4a83-b6c3-6fe4b4d36415	cc5363ff-3152-4a83-b6c3-6fe4b4d36415	3		37	0a9293fc-133e-46ca-973c-c60bbd224edd
191	2022-03-17 15:52:19.251304+09	70b5d13c-32f3-4517-86fa-a78f3ebe23db	70b5d13c-32f3-4517-86fa-a78f3ebe23db	3		37	0a9293fc-133e-46ca-973c-c60bbd224edd
192	2022-03-17 15:52:19.259228+09	32884870-239a-4e37-9902-b93575f7fe62	32884870-239a-4e37-9902-b93575f7fe62	3		37	0a9293fc-133e-46ca-973c-c60bbd224edd
193	2022-03-17 15:52:19.267305+09	2bedf00d-dce5-406b-bdb9-c1155212d728	2bedf00d-dce5-406b-bdb9-c1155212d728	3		37	0a9293fc-133e-46ca-973c-c60bbd224edd
194	2022-03-17 15:58:15.602126+09	caf04c4d-5399-4694-b682-7738b64bd3a4	caf04c4d-5399-4694-b682-7738b64bd3a4	3		37	0a9293fc-133e-46ca-973c-c60bbd224edd
195	2022-03-17 15:58:15.611508+09	ae560c12-d345-4994-9076-80d8db32621d	ae560c12-d345-4994-9076-80d8db32621d	3		37	0a9293fc-133e-46ca-973c-c60bbd224edd
196	2022-03-17 15:58:15.619644+09	9432dd35-f398-4a85-a96a-b90d57087159	9432dd35-f398-4a85-a96a-b90d57087159	3		37	0a9293fc-133e-46ca-973c-c60bbd224edd
197	2022-03-17 15:58:15.628757+09	4b1717c9-6619-42a0-940b-07e91e1d0772	4b1717c9-6619-42a0-940b-07e91e1d0772	3		37	0a9293fc-133e-46ca-973c-c60bbd224edd
198	2022-03-17 16:00:16.040685+09	6e2c9eae-c83c-4900-b5f8-be5a9a82e3c1	6e2c9eae-c83c-4900-b5f8-be5a9a82e3c1	3		37	0a9293fc-133e-46ca-973c-c60bbd224edd
199	2022-03-17 16:00:16.053744+09	545f73e3-0dec-4477-b0e7-a42141b2036f	545f73e3-0dec-4477-b0e7-a42141b2036f	3		37	0a9293fc-133e-46ca-973c-c60bbd224edd
200	2022-03-17 16:00:22.324751+09	7801be58-d0fa-42a3-b340-73c03a603c3d	7801be58-d0fa-42a3-b340-73c03a603c3d	3		37	0a9293fc-133e-46ca-973c-c60bbd224edd
201	2022-03-17 16:02:55.871801+09	9bd8d255-0acc-42a6-8c09-a730c06a2649	9bd8d255-0acc-42a6-8c09-a730c06a2649	3		37	0a9293fc-133e-46ca-973c-c60bbd224edd
202	2022-03-17 16:02:55.881033+09	8dddf026-5671-4621-9511-3169488d81b0	8dddf026-5671-4621-9511-3169488d81b0	3		37	0a9293fc-133e-46ca-973c-c60bbd224edd
203	2022-03-17 16:06:04.956503+09	da69df36-ff12-4640-90a6-c1f9bf1dd811	da69df36-ff12-4640-90a6-c1f9bf1dd811	3		37	0a9293fc-133e-46ca-973c-c60bbd224edd
204	2022-03-17 16:06:04.965761+09	596e3d79-016c-49c0-ad9c-dd8c109db4f2	596e3d79-016c-49c0-ad9c-dd8c109db4f2	3		37	0a9293fc-133e-46ca-973c-c60bbd224edd
205	2022-03-17 16:06:04.97348+09	4bb9caad-8460-45de-9387-01be23be32be	4bb9caad-8460-45de-9387-01be23be32be	3		37	0a9293fc-133e-46ca-973c-c60bbd224edd
206	2022-03-17 16:06:04.995839+09	481b7ff4-e15f-4b17-9589-499e2d1a6b57	481b7ff4-e15f-4b17-9589-499e2d1a6b57	3		37	0a9293fc-133e-46ca-973c-c60bbd224edd
207	2022-03-17 16:06:05.015813+09	420dae46-e913-488a-8458-d16bb7267e0f	420dae46-e913-488a-8458-d16bb7267e0f	3		37	0a9293fc-133e-46ca-973c-c60bbd224edd
208	2022-03-17 16:06:41.001351+09	f3883191-855a-4123-9f48-cbb24a8ae21e	f3883191-855a-4123-9f48-cbb24a8ae21e	3		37	0a9293fc-133e-46ca-973c-c60bbd224edd
209	2022-03-17 16:06:41.010768+09	c200f4c0-27e2-4b3b-aa70-2c396fa18e8c	c200f4c0-27e2-4b3b-aa70-2c396fa18e8c	3		37	0a9293fc-133e-46ca-973c-c60bbd224edd
210	2022-03-17 16:06:41.019027+09	79ee86ce-9fad-43e1-8d64-a64c7319cffd	79ee86ce-9fad-43e1-8d64-a64c7319cffd	3		37	0a9293fc-133e-46ca-973c-c60bbd224edd
211	2022-03-17 16:10:06.98336+09	92ee1b83-5d80-449c-b569-cd485468908a	92ee1b83-5d80-449c-b569-cd485468908a	3		37	0a9293fc-133e-46ca-973c-c60bbd224edd
212	2022-03-17 16:10:06.993918+09	28f474f9-9613-4b4a-b1bf-08541a6ef769	28f474f9-9613-4b4a-b1bf-08541a6ef769	3		37	0a9293fc-133e-46ca-973c-c60bbd224edd
213	2022-03-17 16:28:27.914032+09	d3859815-3e99-425b-a906-1d981cf72dcd	d3859815-3e99-425b-a906-1d981cf72dcd	3		37	0a9293fc-133e-46ca-973c-c60bbd224edd
214	2022-03-17 16:28:27.927281+09	c39c44b2-aa8c-4ee8-9466-9ce5aac48732	c39c44b2-aa8c-4ee8-9466-9ce5aac48732	3		37	0a9293fc-133e-46ca-973c-c60bbd224edd
215	2022-03-17 16:28:27.935169+09	b44c6c23-441e-45f8-92c7-c7a5748cf5f6	b44c6c23-441e-45f8-92c7-c7a5748cf5f6	3		37	0a9293fc-133e-46ca-973c-c60bbd224edd
216	2022-03-17 16:28:27.943154+09	53dc2ac2-d3a4-4024-953c-5a2c3133f774	53dc2ac2-d3a4-4024-953c-5a2c3133f774	3		37	0a9293fc-133e-46ca-973c-c60bbd224edd
217	2022-03-17 16:28:27.951545+09	4429433c-2727-4d5e-a581-de6c74ec28c7	4429433c-2727-4d5e-a581-de6c74ec28c7	3		37	0a9293fc-133e-46ca-973c-c60bbd224edd
218	2022-03-17 16:28:27.960552+09	2bfc3f41-a116-4280-b11b-12ec0ca76328	2bfc3f41-a116-4280-b11b-12ec0ca76328	3		37	0a9293fc-133e-46ca-973c-c60bbd224edd
219	2022-03-17 16:28:27.969283+09	2a02981c-906c-4f32-88ad-f1ea3b531300	2a02981c-906c-4f32-88ad-f1ea3b531300	3		37	0a9293fc-133e-46ca-973c-c60bbd224edd
220	2022-03-17 16:28:27.977573+09	250a24f1-9bf3-45b4-ada1-2558933edbf0	250a24f1-9bf3-45b4-ada1-2558933edbf0	3		37	0a9293fc-133e-46ca-973c-c60bbd224edd
221	2022-03-17 16:33:09.214897+09	a01708a6-da16-4ebf-ab69-8b67576d46d3	a01708a6-da16-4ebf-ab69-8b67576d46d3	3		37	0a9293fc-133e-46ca-973c-c60bbd224edd
222	2022-03-17 16:34:02.219988+09	5af032c4-b373-4b7d-9408-55a0c50dbf87	5af032c4-b373-4b7d-9408-55a0c50dbf87	3		37	0a9293fc-133e-46ca-973c-c60bbd224edd
223	2022-03-17 16:34:20.723359+09	fbeab0a4-8aa2-4c97-88f1-d1783cc615aa	fbeab0a4-8aa2-4c97-88f1-d1783cc615aa	3		37	0a9293fc-133e-46ca-973c-c60bbd224edd
224	2022-03-17 16:34:55.884666+09	fbecc04b-baf4-4ecc-ae2b-3ec0d7ed19b9	fbecc04b-baf4-4ecc-ae2b-3ec0d7ed19b9	3		37	0a9293fc-133e-46ca-973c-c60bbd224edd
225	2022-03-17 16:36:17.337878+09	c2f95f9c-52b7-4a25-b4f8-f266f6e25d02	c2f95f9c-52b7-4a25-b4f8-f266f6e25d02	3		37	0a9293fc-133e-46ca-973c-c60bbd224edd
226	2022-03-17 16:38:09.04747+09	aa7c115b-0fa6-4fae-a879-fb162aa2b443	aa7c115b-0fa6-4fae-a879-fb162aa2b443	3		37	0a9293fc-133e-46ca-973c-c60bbd224edd
227	2022-03-17 16:38:09.056903+09	4adf20c6-e86d-48e8-a89d-bc40e3e636b7	4adf20c6-e86d-48e8-a89d-bc40e3e636b7	3		37	0a9293fc-133e-46ca-973c-c60bbd224edd
228	2022-03-17 16:40:25.562188+09	c2fb8f76-16be-49f1-855d-d8987f7e3802	c2fb8f76-16be-49f1-855d-d8987f7e3802	3		37	0a9293fc-133e-46ca-973c-c60bbd224edd
229	2022-03-17 16:41:53.540596+09	e4f43377-155f-415b-a732-15869dcf5c36	e4f43377-155f-415b-a732-15869dcf5c36	3		37	0a9293fc-133e-46ca-973c-c60bbd224edd
231	2022-03-17 16:50:33.283435+09	f67d50da-a43b-4e4d-80ac-1d64b012dfcb	a.p.c rabit far bulson	2	[{"changed": {"fields": ["Price"]}}]	21	0a9293fc-133e-46ca-973c-c60bbd224edd
232	2022-03-17 16:51:07.165868+09	ada96f76-78c3-40c7-865c-205707ff021a	comme des garsons slacks	2	[{"changed": {"fields": ["Price"]}}]	21	0a9293fc-133e-46ca-973c-c60bbd224edd
233	2022-03-17 16:51:17.376121+09	714f941c-d1e6-4939-b7ee-831714896692	yoji yamamoto 2003ss  T-shirt	2	[{"changed": {"fields": ["Price"]}}]	21	0a9293fc-133e-46ca-973c-c60bbd224edd
234	2022-03-17 16:51:34.179657+09	6caa14f1-b88e-48bf-a496-f23e2bddbd2d	celine	2	[{"changed": {"fields": ["Price"]}}]	21	0a9293fc-133e-46ca-973c-c60bbd224edd
235	2022-03-17 16:51:43.112754+09	6683a9f4-86c1-48c1-a0e6-4f8720b35c12	chloe 	2	[{"changed": {"fields": ["Price"]}}]	21	0a9293fc-133e-46ca-973c-c60bbd224edd
236	2022-03-17 16:51:50.102624+09	4f83965e-dab1-4ddf-b296-34c12f444cfe	yoji yamamoto  	2	[{"changed": {"fields": ["Price"]}}]	21	0a9293fc-133e-46ca-973c-c60bbd224edd
237	2022-03-17 16:51:55.549288+09	408a6647-4a16-4370-ad3a-c590adbb22e8	yoji yamamoto set up	2	[{"changed": {"fields": ["Price"]}}]	21	0a9293fc-133e-46ca-973c-c60bbd224edd
238	2022-03-17 16:52:00.255322+09	0ca54d20-b34c-4300-b8f6-65f0f6f6afd5	alexsander maqueen p	2	[{"changed": {"fields": ["Price"]}}]	21	0a9293fc-133e-46ca-973c-c60bbd224edd
239	2022-03-17 17:11:21.549783+09	408a6647-4a16-4370-ad3a-c590adbb22e8	yoji yamamoto set up	2	[{"changed": {"fields": ["Price"]}}]	21	0a9293fc-133e-46ca-973c-c60bbd224edd
240	2022-03-17 17:11:49.404308+09	ada96f76-78c3-40c7-865c-205707ff021a	comme des garsons slacks	2	[{"changed": {"fields": ["Price"]}}]	21	0a9293fc-133e-46ca-973c-c60bbd224edd
241	2022-03-17 17:12:13.857112+09	714f941c-d1e6-4939-b7ee-831714896692	yoji yamamoto 2003ss  T-shirt	2	[{"changed": {"fields": ["Price"]}}]	21	0a9293fc-133e-46ca-973c-c60bbd224edd
242	2022-03-17 17:12:19.728248+09	0ca54d20-b34c-4300-b8f6-65f0f6f6afd5	alexsander maqueen p	2	[{"changed": {"fields": ["Price"]}}]	21	0a9293fc-133e-46ca-973c-c60bbd224edd
243	2022-03-17 17:12:29.278741+09	4f83965e-dab1-4ddf-b296-34c12f444cfe	yoji yamamoto  	2	[{"changed": {"fields": ["Price"]}}]	21	0a9293fc-133e-46ca-973c-c60bbd224edd
244	2022-03-17 17:12:34.72175+09	6caa14f1-b88e-48bf-a496-f23e2bddbd2d	celine	2	[{"changed": {"fields": ["Price"]}}]	21	0a9293fc-133e-46ca-973c-c60bbd224edd
245	2022-03-17 17:13:11.977306+09	db9b8e7e-d029-486c-97ac-9e77180d0d3e	db9b8e7e-d029-486c-97ac-9e77180d0d3e	3		37	0a9293fc-133e-46ca-973c-c60bbd224edd
246	2022-03-17 21:34:41.242019+09	fcb240bc-be3e-44a1-831d-cb960f472a9c	fcb240bc-be3e-44a1-831d-cb960f472a9c	3		29	0a9293fc-133e-46ca-973c-c60bbd224edd
247	2022-03-17 21:34:41.252286+09	f724f41a-ad1e-4652-be84-c813093b3d5d	f724f41a-ad1e-4652-be84-c813093b3d5d	3		29	0a9293fc-133e-46ca-973c-c60bbd224edd
248	2022-03-17 21:34:41.26027+09	eccc67b6-8759-4038-b8be-85aa45e87613	eccc67b6-8759-4038-b8be-85aa45e87613	3		29	0a9293fc-133e-46ca-973c-c60bbd224edd
249	2022-03-17 21:34:41.268124+09	ddddefef-0a02-43c3-a5b9-34b521e14f9b	ddddefef-0a02-43c3-a5b9-34b521e14f9b	3		29	0a9293fc-133e-46ca-973c-c60bbd224edd
250	2022-03-17 21:34:41.275522+09	cf839fab-957a-4648-8922-cf05a1e35057	cf839fab-957a-4648-8922-cf05a1e35057	3		29	0a9293fc-133e-46ca-973c-c60bbd224edd
251	2022-03-17 21:34:41.283555+09	c58589f8-0247-4be8-a34c-f92797f0d604	c58589f8-0247-4be8-a34c-f92797f0d604	3		29	0a9293fc-133e-46ca-973c-c60bbd224edd
252	2022-03-17 21:34:41.291068+09	b0830c2c-7fc2-442a-9146-7ec202e85fd6	b0830c2c-7fc2-442a-9146-7ec202e85fd6	3		29	0a9293fc-133e-46ca-973c-c60bbd224edd
253	2022-03-17 21:34:41.298879+09	302e7946-bc53-48aa-9e2c-e389aa580537	302e7946-bc53-48aa-9e2c-e389aa580537	3		29	0a9293fc-133e-46ca-973c-c60bbd224edd
254	2022-03-17 21:34:41.306854+09	1e4940dd-4486-4224-b70e-d04e21d7afb9	1e4940dd-4486-4224-b70e-d04e21d7afb9	3		29	0a9293fc-133e-46ca-973c-c60bbd224edd
255	2022-03-17 21:41:46.420459+09	679ebc84-0be3-4354-97ec-5f5194c7421c	679ebc84-0be3-4354-97ec-5f5194c7421c	3		29	0a9293fc-133e-46ca-973c-c60bbd224edd
256	2022-03-17 21:55:54.216106+09	62	CartItem object (62)	3		38	0a9293fc-133e-46ca-973c-c60bbd224edd
257	2022-03-17 21:55:54.227217+09	61	CartItem object (61)	3		38	0a9293fc-133e-46ca-973c-c60bbd224edd
258	2022-03-17 21:55:54.236411+09	60	CartItem object (60)	3		38	0a9293fc-133e-46ca-973c-c60bbd224edd
259	2022-03-17 21:57:01.001473+09	f57902e0-5fbf-446f-b0f0-9716a7f6c1ce	f57902e0-5fbf-446f-b0f0-9716a7f6c1ce	3		29	0a9293fc-133e-46ca-973c-c60bbd224edd
260	2022-03-17 21:57:01.011713+09	a5fdf151-ec23-4620-bbdf-7cdea126a41b	a5fdf151-ec23-4620-bbdf-7cdea126a41b	3		29	0a9293fc-133e-46ca-973c-c60bbd224edd
261	2022-03-17 21:57:01.020493+09	97ffefc3-ed75-434d-b8e1-bca3bbbd490f	97ffefc3-ed75-434d-b8e1-bca3bbbd490f	3		29	0a9293fc-133e-46ca-973c-c60bbd224edd
262	2022-03-17 21:57:01.030971+09	90199217-0de6-4d9f-b12d-1972c051bc10	90199217-0de6-4d9f-b12d-1972c051bc10	3		29	0a9293fc-133e-46ca-973c-c60bbd224edd
263	2022-03-17 21:57:01.038958+09	70b11eeb-94af-4777-ae31-7b91a736cf0b	70b11eeb-94af-4777-ae31-7b91a736cf0b	3		29	0a9293fc-133e-46ca-973c-c60bbd224edd
264	2022-03-17 21:57:01.047237+09	70aa3ca8-bee5-43b6-b1e6-bcd9a101f88e	70aa3ca8-bee5-43b6-b1e6-bcd9a101f88e	3		29	0a9293fc-133e-46ca-973c-c60bbd224edd
265	2022-03-17 21:57:01.055284+09	60ee6b20-1fd7-435c-843d-982b6685d85f	60ee6b20-1fd7-435c-843d-982b6685d85f	3		29	0a9293fc-133e-46ca-973c-c60bbd224edd
266	2022-03-17 21:57:01.063511+09	49d62b22-4569-4a13-96dd-0c95201a6bfe	49d62b22-4569-4a13-96dd-0c95201a6bfe	3		29	0a9293fc-133e-46ca-973c-c60bbd224edd
267	2022-03-17 21:57:01.071226+09	49c0e36b-25f2-4d76-aae1-853a73b31124	49c0e36b-25f2-4d76-aae1-853a73b31124	3		29	0a9293fc-133e-46ca-973c-c60bbd224edd
268	2022-03-17 21:57:01.0795+09	47e12a8b-5033-4f25-9ea3-b0b54ea433ce	47e12a8b-5033-4f25-9ea3-b0b54ea433ce	3		29	0a9293fc-133e-46ca-973c-c60bbd224edd
269	2022-03-17 21:57:01.086792+09	3bd6288c-a20e-4093-87c0-184f9288fa6a	3bd6288c-a20e-4093-87c0-184f9288fa6a	3		29	0a9293fc-133e-46ca-973c-c60bbd224edd
270	2022-03-17 21:57:01.0942+09	386d2778-bde6-4a69-a677-e5171c96088a	386d2778-bde6-4a69-a677-e5171c96088a	3		29	0a9293fc-133e-46ca-973c-c60bbd224edd
271	2022-03-17 21:57:01.102209+09	05342a02-482f-42cb-96bc-726d456b9159	05342a02-482f-42cb-96bc-726d456b9159	3		29	0a9293fc-133e-46ca-973c-c60bbd224edd
272	2022-03-17 21:57:01.110236+09	01d9ba53-200d-44b1-beb4-61e45f16e95e	01d9ba53-200d-44b1-beb4-61e45f16e95e	3		29	0a9293fc-133e-46ca-973c-c60bbd224edd
273	2022-03-18 00:43:58.018454+09	f4e677ce-eb52-4bb2-9908-e2254518c298	f4e677ce-eb52-4bb2-9908-e2254518c298	3		29	0a9293fc-133e-46ca-973c-c60bbd224edd
274	2022-03-18 00:43:58.034253+09	a1f112f0-f91f-456b-ae88-515882993cf6	a1f112f0-f91f-456b-ae88-515882993cf6	3		29	0a9293fc-133e-46ca-973c-c60bbd224edd
275	2022-03-18 00:55:03.21109+09	52bd30da-fc7d-47d1-89e7-2d3b6c219301	52bd30da-fc7d-47d1-89e7-2d3b6c219301	3		29	0a9293fc-133e-46ca-973c-c60bbd224edd
276	2022-03-18 00:55:03.221985+09	48f979ce-a7a5-426c-bfe1-b566b9f615a6	48f979ce-a7a5-426c-bfe1-b566b9f615a6	3		29	0a9293fc-133e-46ca-973c-c60bbd224edd
277	2022-03-18 00:55:03.230643+09	178a3ccc-7d2c-472a-9420-05c2477666e4	178a3ccc-7d2c-472a-9420-05c2477666e4	3		29	0a9293fc-133e-46ca-973c-c60bbd224edd
278	2022-03-18 00:55:34.42366+09	0ca54d20-b34c-4300-b8f6-65f0f6f6afd5	alexsander maqueen p	2	[{"changed": {"fields": ["Stock"]}}]	21	0a9293fc-133e-46ca-973c-c60bbd224edd
279	2022-03-18 14:35:59.405891+09	f38a8d98-e1e0-4842-ad75-ee953184f0a5	f38a8d98-e1e0-4842-ad75-ee953184f0a5	3		29	0a9293fc-133e-46ca-973c-c60bbd224edd
280	2022-03-18 14:36:06.405572+09	ee9ad415-18d9-436f-8dc8-f708484d80f6	ee9ad415-18d9-436f-8dc8-f708484d80f6	3		29	0a9293fc-133e-46ca-973c-c60bbd224edd
281	2022-03-18 14:36:17.604213+09	c46d254e-f50b-4fb3-8849-df8fe4d288e8	c46d254e-f50b-4fb3-8849-df8fe4d288e8	3		29	0a9293fc-133e-46ca-973c-c60bbd224edd
282	2022-03-18 14:36:22.675888+09	7dfed7a3-cb4c-4f46-821b-b381782ea828	7dfed7a3-cb4c-4f46-821b-b381782ea828	3		29	0a9293fc-133e-46ca-973c-c60bbd224edd
283	2022-03-18 14:36:27.633352+09	4b971f5f-4755-4aba-8a57-8cd441b69c93	4b971f5f-4755-4aba-8a57-8cd441b69c93	3		29	0a9293fc-133e-46ca-973c-c60bbd224edd
284	2022-03-18 14:36:33.97396+09	45d15c78-ffe7-48b1-ab97-95e9612939e3	45d15c78-ffe7-48b1-ab97-95e9612939e3	3		29	0a9293fc-133e-46ca-973c-c60bbd224edd
285	2022-03-18 14:36:39.356833+09	0f99fc82-ebe8-4140-b067-9179bac76053	0f99fc82-ebe8-4140-b067-9179bac76053	3		29	0a9293fc-133e-46ca-973c-c60bbd224edd
286	2022-03-22 13:11:14.924217+09	caefb09f-8a08-42a8-9ca5-ad0ad4144b12	caefb09f-8a08-42a8-9ca5-ad0ad4144b12	3		29	0a9293fc-133e-46ca-973c-c60bbd224edd
287	2022-03-23 19:02:28.122802+09	1	chloe 	1	[{"added": {}}]	28	0a9293fc-133e-46ca-973c-c60bbd224edd
288	2022-03-28 15:11:50.339703+09	0ca54d20-b34c-4300-b8f6-65f0f6f6afd5	alexsander maqueen p	2	[{"changed": {"fields": ["Price"]}}]	21	0a9293fc-133e-46ca-973c-c60bbd224edd
289	2022-04-02 00:02:21.481023+09	4	naoki()	1	[{"added": {}}]	42	0a9293fc-133e-46ca-973c-c60bbd224edd
290	2022-04-05 00:46:22.021218+09	eac1b6a2-1610-4778-806a-1f5800e14fbd	eac1b6a2-1610-4778-806a-1f5800e14fbd	2	[{"changed": {"fields": ["Status"]}}]	29	0a9293fc-133e-46ca-973c-c60bbd224edd
291	2022-04-05 01:00:56.877338+09	eac1b6a2-1610-4778-806a-1f5800e14fbd	eac1b6a2-1610-4778-806a-1f5800e14fbd	2	[{"changed": {"fields": ["Status"]}}]	29	0a9293fc-133e-46ca-973c-c60bbd224edd
292	2022-04-05 01:09:33.501082+09	dda43446-8e16-48aa-86ee-acd17fcc2f19	dda43446-8e16-48aa-86ee-acd17fcc2f19	3		29	0a9293fc-133e-46ca-973c-c60bbd224edd
293	2022-04-05 01:23:55.887159+09	e5452f2c-f37b-419b-916a-f2a3d3716eed	ReservationItem object (e5452f2c-f37b-419b-916a-f2a3d3716eed)	3		30	0a9293fc-133e-46ca-973c-c60bbd224edd
294	2022-04-05 01:23:55.900899+09	c0c3139f-a4f3-4c29-b862-e2ff6c98d3ff	ReservationItem object (c0c3139f-a4f3-4c29-b862-e2ff6c98d3ff)	3		30	0a9293fc-133e-46ca-973c-c60bbd224edd
295	2022-04-05 01:23:55.908852+09	bffac2af-1d67-47e3-87d4-e4b937454580	ReservationItem object (bffac2af-1d67-47e3-87d4-e4b937454580)	3		30	0a9293fc-133e-46ca-973c-c60bbd224edd
296	2022-04-05 01:23:55.916514+09	b6ec84bf-86e6-48f5-b53f-c3ca65938866	ReservationItem object (b6ec84bf-86e6-48f5-b53f-c3ca65938866)	3		30	0a9293fc-133e-46ca-973c-c60bbd224edd
297	2022-04-05 01:23:55.923991+09	913487d9-6d93-4c23-993d-73fa4d4f9c66	ReservationItem object (913487d9-6d93-4c23-993d-73fa4d4f9c66)	3		30	0a9293fc-133e-46ca-973c-c60bbd224edd
298	2022-04-05 01:23:55.931755+09	81cd12ad-49b3-4570-ab4a-8735e9aa9468	ReservationItem object (81cd12ad-49b3-4570-ab4a-8735e9aa9468)	3		30	0a9293fc-133e-46ca-973c-c60bbd224edd
299	2022-04-05 01:23:55.939766+09	539709af-201c-4bf1-bbd6-7ad70658179a	ReservationItem object (539709af-201c-4bf1-bbd6-7ad70658179a)	3		30	0a9293fc-133e-46ca-973c-c60bbd224edd
300	2022-04-05 01:23:55.9475+09	1812fd97-8f50-4561-a92e-e76ca8e1cad7	ReservationItem object (1812fd97-8f50-4561-a92e-e76ca8e1cad7)	3		30	0a9293fc-133e-46ca-973c-c60bbd224edd
301	2022-04-05 01:23:55.954705+09	0d569cb7-6a73-495c-9627-b0c1b232750f	ReservationItem object (0d569cb7-6a73-495c-9627-b0c1b232750f)	3		30	0a9293fc-133e-46ca-973c-c60bbd224edd
302	2022-04-05 01:23:55.96257+09	0134c2dc-c0ce-4aac-8c49-532568dfe050	ReservationItem object (0134c2dc-c0ce-4aac-8c49-532568dfe050)	3		30	0a9293fc-133e-46ca-973c-c60bbd224edd
303	2022-04-05 01:24:12.281735+09	9159b8c9-3166-4599-9315-913d9745f123	9159b8c9-3166-4599-9315-913d9745f123	3		29	0a9293fc-133e-46ca-973c-c60bbd224edd
304	2022-04-05 01:24:12.29499+09	66732fa8-f961-4127-bd5a-8fbf2c87ca48	66732fa8-f961-4127-bd5a-8fbf2c87ca48	3		29	0a9293fc-133e-46ca-973c-c60bbd224edd
305	2022-04-05 01:24:12.30437+09	608e1999-adfa-45bf-a7d7-240711be841f	608e1999-adfa-45bf-a7d7-240711be841f	3		29	0a9293fc-133e-46ca-973c-c60bbd224edd
306	2022-04-05 01:24:17.614095+09	eac1b6a2-1610-4778-806a-1f5800e14fbd	eac1b6a2-1610-4778-806a-1f5800e14fbd	3		29	0a9293fc-133e-46ca-973c-c60bbd224edd
307	2022-04-05 01:24:17.623148+09	eabd2cef-a198-4c00-812d-640e2edcb045	eabd2cef-a198-4c00-812d-640e2edcb045	3		29	0a9293fc-133e-46ca-973c-c60bbd224edd
308	2022-04-05 01:35:30.153725+09	7891384a-564d-4e60-92b2-c73b43423467	7891384a-564d-4e60-92b2-c73b43423467	2	[{"changed": {"fields": ["Status", "Shipping number"]}}]	29	0a9293fc-133e-46ca-973c-c60bbd224edd
309	2022-04-05 01:40:07.88279+09	7891384a-564d-4e60-92b2-c73b43423467	7891384a-564d-4e60-92b2-c73b43423467	2	[{"changed": {"fields": ["Status"]}}]	29	0a9293fc-133e-46ca-973c-c60bbd224edd
310	2022-04-05 05:09:45.969676+09	7891384a-564d-4e60-92b2-c73b43423467	7891384a-564d-4e60-92b2-c73b43423467	3		29	0a9293fc-133e-46ca-973c-c60bbd224edd
311	2022-04-05 10:25:56.830608+09	e929eea7-675a-4520-9b72-378543b424b6	e929eea7-675a-4520-9b72-378543b424b6	3		29	0a9293fc-133e-46ca-973c-c60bbd224edd
312	2022-04-05 10:30:27.474055+09	f91061e9-5a4f-4fe6-b089-a4a3b56bc954	f91061e9-5a4f-4fe6-b089-a4a3b56bc954	3		29	0a9293fc-133e-46ca-973c-c60bbd224edd
313	2022-04-05 10:30:58.888955+09	714f941c-d1e6-4939-b7ee-831714896692	yoji yamamoto 2003ss  T-shirt	2	[{"changed": {"fields": ["Stock"]}}]	21	0a9293fc-133e-46ca-973c-c60bbd224edd
314	2022-04-05 10:31:09.176518+09	0ca54d20-b34c-4300-b8f6-65f0f6f6afd5	alexsander maqueen p	2	[{"changed": {"fields": ["Stock"]}}]	21	0a9293fc-133e-46ca-973c-c60bbd224edd
315	2022-04-05 10:39:49.489692+09	6683a9f4-86c1-48c1-a0e6-4f8720b35c12	chloe 	2	[{"changed": {"fields": ["Stock"]}}]	21	0a9293fc-133e-46ca-973c-c60bbd224edd
316	2022-04-05 10:43:27.755383+09	5f990401-bf65-407b-aa42-726f3a51762a	5f990401-bf65-407b-aa42-726f3a51762a	3		29	0a9293fc-133e-46ca-973c-c60bbd224edd
317	2022-04-05 10:46:21.813965+09	0ed908ea-05ef-4962-a60a-62e8f5bb10f9	0ed908ea-05ef-4962-a60a-62e8f5bb10f9	3		29	0a9293fc-133e-46ca-973c-c60bbd224edd
318	2022-04-05 10:50:11.960382+09	6799513c-9c7b-41e5-a5a0-72ced0035275	6799513c-9c7b-41e5-a5a0-72ced0035275	3		29	0a9293fc-133e-46ca-973c-c60bbd224edd
319	2022-04-05 10:52:23.456208+09	e21259e1-1a7b-43bd-ac07-ddd5bb1faef7	e21259e1-1a7b-43bd-ac07-ddd5bb1faef7	3		29	0a9293fc-133e-46ca-973c-c60bbd224edd
320	2022-04-05 10:54:07.088586+09	acb66e5b-431d-441c-9f56-f4f6a15f7dc7	acb66e5b-431d-441c-9f56-f4f6a15f7dc7	3		29	0a9293fc-133e-46ca-973c-c60bbd224edd
321	2022-04-05 11:01:32.339029+09	db1ca6f0-ae3d-40d4-a7d5-94ca3f8b6566	db1ca6f0-ae3d-40d4-a7d5-94ca3f8b6566	3		29	0a9293fc-133e-46ca-973c-c60bbd224edd
322	2022-04-05 11:02:56.856019+09	ba9cef86-f499-4b7a-936f-d1857255e2f3	ba9cef86-f499-4b7a-936f-d1857255e2f3	3		29	0a9293fc-133e-46ca-973c-c60bbd224edd
323	2022-04-05 11:32:04.164098+09	9162c5eb-01d4-4ee4-b2db-27a29f32e239	9162c5eb-01d4-4ee4-b2db-27a29f32e239	3		29	0a9293fc-133e-46ca-973c-c60bbd224edd
324	2022-04-05 11:39:26.672999+09	d6421ce0-1e81-4f3f-9696-d01ac18d769b	d6421ce0-1e81-4f3f-9696-d01ac18d769b	3		29	0a9293fc-133e-46ca-973c-c60bbd224edd
325	2022-04-05 11:52:20.41372+09	afaa0e13-2af6-4e19-8705-c01b565e1105	afaa0e13-2af6-4e19-8705-c01b565e1105	3		29	0a9293fc-133e-46ca-973c-c60bbd224edd
326	2022-04-05 11:52:20.428322+09	946e2519-1b32-443b-ab3a-beee3a997efd	946e2519-1b32-443b-ab3a-beee3a997efd	3		29	0a9293fc-133e-46ca-973c-c60bbd224edd
327	2022-04-05 11:52:47.688966+09	0ca54d20-b34c-4300-b8f6-65f0f6f6afd5	alexsander maqueen p	2	[{"changed": {"fields": ["Stock"]}}]	21	0a9293fc-133e-46ca-973c-c60bbd224edd
328	2022-04-05 11:52:55.625644+09	6683a9f4-86c1-48c1-a0e6-4f8720b35c12	chloe 	2	[{"changed": {"fields": ["Stock"]}}]	21	0a9293fc-133e-46ca-973c-c60bbd224edd
329	2022-04-05 11:53:03.970967+09	714f941c-d1e6-4939-b7ee-831714896692	yoji yamamoto 2003ss  T-shirt	2	[{"changed": {"fields": ["Stock"]}}]	21	0a9293fc-133e-46ca-973c-c60bbd224edd
330	2022-04-05 12:03:56.636327+09	3dc840d1-af93-42dc-a19c-683247483b65	3dc840d1-af93-42dc-a19c-683247483b65	3		29	0a9293fc-133e-46ca-973c-c60bbd224edd
331	2022-04-05 15:24:35.372044+09	b78c2f53-4570-4da1-8fd3-938d32bbffcc	b78c2f53-4570-4da1-8fd3-938d32bbffcc	3		29	0a9293fc-133e-46ca-973c-c60bbd224edd
332	2022-04-05 15:33:46.930045+09	15267662-212b-47a3-bebb-dbaec4ac6133	15267662-212b-47a3-bebb-dbaec4ac6133	3		29	0a9293fc-133e-46ca-973c-c60bbd224edd
333	2022-04-05 15:49:38.865508+09	03998f33-228f-4a82-b8df-ba912496e775	03998f33-228f-4a82-b8df-ba912496e775	3		29	0a9293fc-133e-46ca-973c-c60bbd224edd
334	2022-04-05 16:46:23.625625+09	de606730-2a3f-4368-aade-bae01b0e0868	de606730-2a3f-4368-aade-bae01b0e0868	3		29	0a9293fc-133e-46ca-973c-c60bbd224edd
335	2022-04-05 16:59:21.478833+09	6b035883-37ae-4d97-855b-739cfea576ba	6b035883-37ae-4d97-855b-739cfea576ba	3		29	0a9293fc-133e-46ca-973c-c60bbd224edd
336	2022-04-05 17:02:45.175832+09	777942ea-50dc-422c-9149-a31ac4ee1fe5	777942ea-50dc-422c-9149-a31ac4ee1fe5	3		29	0a9293fc-133e-46ca-973c-c60bbd224edd
337	2022-04-05 21:42:07.92146+09	274d62e4-ae21-4b42-b023-b3e787b49b65	274d62e4-ae21-4b42-b023-b3e787b49b65	3		29	0a9293fc-133e-46ca-973c-c60bbd224edd
338	2022-04-05 22:59:26.486096+09	1	None	2	[{"changed": {"fields": ["Customer id", "Plan id", "Is active", "Plan", "Start date", "Update date"]}}]	31	0a9293fc-133e-46ca-973c-c60bbd224edd
339	2022-04-06 09:35:40.441201+09	bd092915-6693-4eae-9bc0-0048de946f75	bd092915-6693-4eae-9bc0-0048de946f75	3		29	0a9293fc-133e-46ca-973c-c60bbd224edd
340	2022-04-06 17:18:29.746117+09	1	cus_LSAAqZlO6Y6Q6j	2	[{"changed": {"fields": ["Plan id", "Is active", "Plan", "Update date"]}}]	31	0a9293fc-133e-46ca-973c-c60bbd224edd
341	2022-04-06 17:21:15.984664+09	1	cus_LSAAqZlO6Y6Q6j	2	[]	31	0a9293fc-133e-46ca-973c-c60bbd224edd
342	2022-04-06 17:21:22.881502+09	1	None	2	[{"changed": {"fields": ["Customer id"]}}]	31	0a9293fc-133e-46ca-973c-c60bbd224edd
343	2022-04-06 17:47:19.519185+09	1	cus_LSP5iA5GQtyEIq	2	[{"changed": {"fields": ["Plan"]}}]	31	0a9293fc-133e-46ca-973c-c60bbd224edd
344	2022-04-07 23:07:43.050607+09	1		1	[{"added": {}}]	24	0a9293fc-133e-46ca-973c-c60bbd224edd
345	2022-04-07 23:07:58.269722+09	2		1	[{"added": {}}]	24	0a9293fc-133e-46ca-973c-c60bbd224edd
346	2022-04-07 23:08:06.050617+09	3	pank	1	[{"added": {}}]	24	0a9293fc-133e-46ca-973c-c60bbd224edd
347	2022-04-07 23:08:10.70756+09	4		1	[{"added": {}}]	24	0a9293fc-133e-46ca-973c-c60bbd224edd
348	2022-04-07 23:08:51.216264+09	6caa14f1-b88e-48bf-a496-f23e2bddbd2d	celine	2	[{"changed": {"fields": ["Tag"]}}]	21	0a9293fc-133e-46ca-973c-c60bbd224edd
349	2022-04-07 23:09:10.456247+09	6caa14f1-b88e-48bf-a496-f23e2bddbd2d	celine	2	[{"changed": {"fields": ["Tag"]}}]	21	0a9293fc-133e-46ca-973c-c60bbd224edd
350	2022-04-08 03:08:39.643999+09	be93c3a5-ec62-46bb-bfa5-843337a166e9	be93c3a5-ec62-46bb-bfa5-843337a166e9	3		29	0a9293fc-133e-46ca-973c-c60bbd224edd
351	2022-04-08 03:12:55.152977+09	12	12	1	[{"added": {}}]	39	0a9293fc-133e-46ca-973c-c60bbd224edd
352	2022-04-09 00:56:39.275673+09	2c6571fc-5b0f-41ae-858c-0d38c3eb72af	2c6571fc-5b0f-41ae-858c-0d38c3eb72af	3		29	0a9293fc-133e-46ca-973c-c60bbd224edd
353	2022-04-09 00:56:46.160574+09	13b62f24-dacc-4e60-bd7a-828dfb9bbc2f	13b62f24-dacc-4e60-bd7a-828dfb9bbc2f	3		29	0a9293fc-133e-46ca-973c-c60bbd224edd
354	2022-04-09 00:56:52.491379+09	04054cf5-642a-4f7d-a22a-ac4b7744bcd7	04054cf5-642a-4f7d-a22a-ac4b7744bcd7	3		29	0a9293fc-133e-46ca-973c-c60bbd224edd
355	2022-04-09 01:24:06.439339+09	e4636cf0-9ad2-4895-b7ce-73b19908f405	e4636cf0-9ad2-4895-b7ce-73b19908f405	3		29	0a9293fc-133e-46ca-973c-c60bbd224edd
356	2022-04-09 01:24:06.455605+09	aeca4351-4afc-44e7-a2f0-c08c5c1e83f1	aeca4351-4afc-44e7-a2f0-c08c5c1e83f1	3		29	0a9293fc-133e-46ca-973c-c60bbd224edd
357	2022-04-09 01:27:22.414024+09	fe801b9b-7bd1-42d6-8ffa-9fe1d37d217b	fe801b9b-7bd1-42d6-8ffa-9fe1d37d217b	3		29	0a9293fc-133e-46ca-973c-c60bbd224edd
358	2022-04-09 01:36:30.00664+09	155fef51-d44e-499a-b500-075836a93718	155fef51-d44e-499a-b500-075836a93718	3		29	0a9293fc-133e-46ca-973c-c60bbd224edd
359	2022-04-09 01:39:57.693376+09	0b0b6901-6f19-4b91-95a6-9ead7c8d053a	0b0b6901-6f19-4b91-95a6-9ead7c8d053a	3		29	0a9293fc-133e-46ca-973c-c60bbd224edd
360	2022-04-09 01:40:42.425324+09	da0eacbd-569a-4f4a-85a3-b94d73510c86	Y's yoji yamamoto 	2	[{"changed": {"fields": ["Stock"]}}]	21	0a9293fc-133e-46ca-973c-c60bbd224edd
361	2022-04-09 01:40:57.832026+09	f67d50da-a43b-4e4d-80ac-1d64b012dfcb	a.p.c rabit far bulson	2	[{"changed": {"fields": ["Stock"]}}]	21	0a9293fc-133e-46ca-973c-c60bbd224edd
362	2022-04-09 01:41:13.577222+09	e0ad8fac-79d3-40d8-9663-8b3ba72dc4a2	calvinklein	2	[{"changed": {"fields": ["Stock"]}}]	21	0a9293fc-133e-46ca-973c-c60bbd224edd
363	2022-04-10 02:48:47.42435+09	ac5232b3-4641-4a70-b599-cd40f7d6ca4f	naoki.228@icloud.com	3		16	0a9293fc-133e-46ca-973c-c60bbd224edd
364	2022-04-10 02:50:15.368066+09	9fe188c4-b18f-4618-ad14-d1c19c88d61c	naoki.228@icloud.com	3		16	0a9293fc-133e-46ca-973c-c60bbd224edd
365	2022-04-10 02:53:58.75734+09	142867cc-ea5d-43e9-be26-5546d06200f9	naoki.228@icloud.com	3		16	0a9293fc-133e-46ca-973c-c60bbd224edd
366	2022-04-10 02:55:11.921192+09	cf21b9f9-873b-4ba4-9cfe-b5d697bbaa34	naoki.228@icloud.com	3		16	0a9293fc-133e-46ca-973c-c60bbd224edd
367	2022-04-10 02:56:54.471035+09	31df49ad-a5d9-4efb-9ef0-a00acc6f5694	naoki.228@icloud.com	3		16	0a9293fc-133e-46ca-973c-c60bbd224edd
368	2022-04-10 03:27:57.305096+09	1495d3d4-397d-4a89-81f1-66568621dc3d	naoki.228@icloud.com	3		16	0a9293fc-133e-46ca-973c-c60bbd224edd
369	2022-04-10 23:36:02.932753+09	3	http://localhost:3000	1	[{"added": {}}]	8	0a9293fc-133e-46ca-973c-c60bbd224edd
370	2022-04-10 23:36:25.994371+09	4	http://127.0.0.1:3000	1	[{"added": {}}]	8	0a9293fc-133e-46ca-973c-c60bbd224edd
371	2022-04-10 23:37:31.85467+09	1	enclopedia-rental-service-api	1	[{"added": {}}]	12	0a9293fc-133e-46ca-973c-c60bbd224edd
372	2022-04-11 01:03:13.695976+09	5	http://localhost:3000/login	1	[{"added": {}}]	8	0a9293fc-133e-46ca-973c-c60bbd224edd
373	2022-04-11 01:27:08.279004+09	1	enclopedia-rental-service-api	2	[]	12	0a9293fc-133e-46ca-973c-c60bbd224edd
374	2022-04-11 01:37:35.240748+09	1	enclopedia-rental-service-api	2	[]	12	0a9293fc-133e-46ca-973c-c60bbd224edd
375	2022-04-11 01:37:41.397379+09	1	enclopedia-rental-service-api	2	[{"changed": {"fields": ["Key"]}}]	12	0a9293fc-133e-46ca-973c-c60bbd224edd
376	2022-04-11 01:50:41.002172+09	6	http://localhost:8000	1	[{"added": {}}]	8	0a9293fc-133e-46ca-973c-c60bbd224edd
377	2022-04-11 01:50:52.448706+09	1	enclopedia-rental-service-api	2	[{"changed": {"fields": ["Key", "Sites"]}}]	12	0a9293fc-133e-46ca-973c-c60bbd224edd
378	2022-04-11 01:54:48.015842+09	1	enclopedia-rental-service	2	[{"changed": {"fields": ["Name"]}}]	12	0a9293fc-133e-46ca-973c-c60bbd224edd
379	2022-04-11 02:11:24.415075+09	7	http://127.0.0.1:8000	1	[{"added": {}}]	8	0a9293fc-133e-46ca-973c-c60bbd224edd
380	2022-04-11 02:11:30.446686+09	1	google	2	[{"changed": {"fields": ["Name", "Sites"]}}]	12	0a9293fc-133e-46ca-973c-c60bbd224edd
381	2022-04-11 02:15:26.834697+09	6	http://localhost:8000	3		8	0a9293fc-133e-46ca-973c-c60bbd224edd
382	2022-04-11 02:15:31.329429+09	2	example.com	3		8	0a9293fc-133e-46ca-973c-c60bbd224edd
383	2022-04-11 02:15:38.435813+09	4	http://127.0.0.1:3000	3		8	0a9293fc-133e-46ca-973c-c60bbd224edd
384	2022-04-11 02:15:44.932414+09	3	http://localhost:3000	3		8	0a9293fc-133e-46ca-973c-c60bbd224edd
385	2022-04-11 02:15:44.941221+09	5	http://localhost:3000/login	3		8	0a9293fc-133e-46ca-973c-c60bbd224edd
386	2022-04-11 02:22:35.65315+09	6640e144-88ea-4bd7-941d-dbf28af672f4	naokiyamaguchi0228@gmail.com	3		16	0a9293fc-133e-46ca-973c-c60bbd224edd
387	2022-04-11 02:49:35.081015+09	fa255e04-f912-4cb5-8a06-6f2239ca34e8	naokiyamaguchi0228@gmail.com	2	[{"changed": {"fields": ["Is active"]}}]	16	0a9293fc-133e-46ca-973c-c60bbd224edd
388	2022-04-11 03:43:09.085771+09	dd4d1340-f2b1-4758-84f0-a66d5962ffcb	dd4d1340-f2b1-4758-84f0-a66d5962ffcb	3		29	0a9293fc-133e-46ca-973c-c60bbd224edd
389	2022-04-11 03:43:17.875432+09	cd390b63-1f5a-4789-b80d-0e0aab9b812f	cd390b63-1f5a-4789-b80d-0e0aab9b812f	3		29	0a9293fc-133e-46ca-973c-c60bbd224edd
390	2022-04-11 03:43:25.519809+09	c87a83c4-3e4b-4feb-a193-7cb7cfa5ecb6	c87a83c4-3e4b-4feb-a193-7cb7cfa5ecb6	3		29	0a9293fc-133e-46ca-973c-c60bbd224edd
391	2022-04-11 03:43:33.191185+09	a015a75f-056f-44a9-aa8e-b9a92b1caa18	a015a75f-056f-44a9-aa8e-b9a92b1caa18	3		29	0a9293fc-133e-46ca-973c-c60bbd224edd
392	2022-04-11 03:43:57.55497+09	97cbfab4-8842-48f4-8192-92fd5b154d4e	97cbfab4-8842-48f4-8192-92fd5b154d4e	3		29	0a9293fc-133e-46ca-973c-c60bbd224edd
393	2022-04-11 03:45:36.506207+09	ddc755e3-33e3-4f8d-962a-0426ea2464a5	ddc755e3-33e3-4f8d-962a-0426ea2464a5	3		29	0a9293fc-133e-46ca-973c-c60bbd224edd
394	2022-04-11 03:45:36.517123+09	81a64611-3a74-49d8-be98-6729b42863a0	81a64611-3a74-49d8-be98-6729b42863a0	3		29	0a9293fc-133e-46ca-973c-c60bbd224edd
395	2022-04-11 03:45:36.525789+09	6cf7bd84-b4e3-4303-ac19-ad90059a5ef6	6cf7bd84-b4e3-4303-ac19-ad90059a5ef6	3		29	0a9293fc-133e-46ca-973c-c60bbd224edd
396	2022-04-11 03:45:36.53436+09	5001bf23-e70a-42b3-916d-71c73724789f	5001bf23-e70a-42b3-916d-71c73724789f	3		29	0a9293fc-133e-46ca-973c-c60bbd224edd
397	2022-04-11 03:45:36.545899+09	38008d31-01da-4309-9a61-f7d41203ec45	38008d31-01da-4309-9a61-f7d41203ec45	3		29	0a9293fc-133e-46ca-973c-c60bbd224edd
398	2022-04-11 03:45:36.553926+09	3678c3e8-16af-4d8a-b907-15edfad23079	3678c3e8-16af-4d8a-b907-15edfad23079	3		29	0a9293fc-133e-46ca-973c-c60bbd224edd
399	2022-04-11 03:45:36.562377+09	1f351158-9945-4067-ae5d-9c795dd644f3	1f351158-9945-4067-ae5d-9c795dd644f3	3		29	0a9293fc-133e-46ca-973c-c60bbd224edd
400	2022-04-11 03:59:13.887925+09	f9aeda05-0b5b-4d4e-a173-3b9c8e22b870	f9aeda05-0b5b-4d4e-a173-3b9c8e22b870	3		29	0a9293fc-133e-46ca-973c-c60bbd224edd
401	2022-04-11 03:59:13.901371+09	657cf060-d079-4692-aad4-552e3aa9e815	657cf060-d079-4692-aad4-552e3aa9e815	3		29	0a9293fc-133e-46ca-973c-c60bbd224edd
402	2022-04-11 03:59:13.909424+09	5e1af8d3-2d47-4ad8-b301-7a41bc31fcd3	5e1af8d3-2d47-4ad8-b301-7a41bc31fcd3	3		29	0a9293fc-133e-46ca-973c-c60bbd224edd
403	2022-04-11 03:59:13.917722+09	51e765cb-859a-424d-9462-4c175b25f383	51e765cb-859a-424d-9462-4c175b25f383	3		29	0a9293fc-133e-46ca-973c-c60bbd224edd
404	2022-04-11 04:15:02.197732+09	08977605-3631-4f77-a686-0d6583f5cfe9	08977605-3631-4f77-a686-0d6583f5cfe9	2	[{"changed": {"fields": ["Status"]}}]	29	0a9293fc-133e-46ca-973c-c60bbd224edd
405	2022-04-11 05:19:09.438246+09	c8e141ba-5929-4b63-bef1-ead498d61d85	c8e141ba-5929-4b63-bef1-ead498d61d85	2	[{"changed": {"fields": ["Is reserved", "Status"]}}]	29	0a9293fc-133e-46ca-973c-c60bbd224edd
406	2022-04-11 05:25:30.681754+09	319c9b7d-70c0-42ce-8508-2fc32aa55c59	319c9b7d-70c0-42ce-8508-2fc32aa55c59	2	[{"changed": {"fields": ["Status"]}}]	29	0a9293fc-133e-46ca-973c-c60bbd224edd
407	2022-04-11 05:25:38.566512+09	0b6fdff7-f575-464d-b995-0951d45690a3	0b6fdff7-f575-464d-b995-0951d45690a3	2	[{"changed": {"fields": ["Is reserved", "Status"]}}]	29	0a9293fc-133e-46ca-973c-c60bbd224edd
408	2022-04-11 06:11:12.914879+09	ff5140d4-2b04-483a-ae60-fde4086ad0f3	ff5140d4-2b04-483a-ae60-fde4086ad0f3	3		29	0a9293fc-133e-46ca-973c-c60bbd224edd
409	2022-04-11 06:11:19.691509+09	e09fe26a-509d-4d1e-b96c-737dc6fc79d6	e09fe26a-509d-4d1e-b96c-737dc6fc79d6	3		29	0a9293fc-133e-46ca-973c-c60bbd224edd
410	2022-04-11 06:11:25.668111+09	c8e141ba-5929-4b63-bef1-ead498d61d85	c8e141ba-5929-4b63-bef1-ead498d61d85	3		29	0a9293fc-133e-46ca-973c-c60bbd224edd
411	2022-04-11 06:11:31.294833+09	8516aebb-aa40-44e7-a0ea-09a1d2a815a2	8516aebb-aa40-44e7-a0ea-09a1d2a815a2	3		29	0a9293fc-133e-46ca-973c-c60bbd224edd
412	2022-04-11 06:19:16.415687+09	cda92d9c-b6ac-4051-a715-4426504da075	cda92d9c-b6ac-4051-a715-4426504da075	3		29	0a9293fc-133e-46ca-973c-c60bbd224edd
413	2022-04-11 06:25:27.386006+09	988eea5f-04a3-47de-8e39-c0beae13b7b6	988eea5f-04a3-47de-8e39-c0beae13b7b6	3		29	0a9293fc-133e-46ca-973c-c60bbd224edd
414	2022-04-11 06:27:08.907763+09	cf7a430d-35bc-487f-990d-e546d0765298	cf7a430d-35bc-487f-990d-e546d0765298	3		29	0a9293fc-133e-46ca-973c-c60bbd224edd
415	2022-04-17 01:50:23.831331+09	11	None	2	[{"changed": {"fields": ["Customer id"]}}]	31	0a9293fc-133e-46ca-973c-c60bbd224edd
416	2022-04-17 02:22:38.425474+09	11	None	2	[{"changed": {"fields": ["Customer id", "Is active"]}}]	31	0a9293fc-133e-46ca-973c-c60bbd224edd
417	2022-04-17 02:32:35.776815+09	11	None	2	[{"changed": {"fields": ["Customer id", "Is active"]}}]	31	0a9293fc-133e-46ca-973c-c60bbd224edd
418	2022-04-17 02:35:13.847008+09	11	None	2	[{"changed": {"fields": ["Customer id", "Is active"]}}]	31	0a9293fc-133e-46ca-973c-c60bbd224edd
419	2022-04-17 02:42:38.424305+09	11	None	2	[{"changed": {"fields": ["Customer id", "Is active"]}}]	31	0a9293fc-133e-46ca-973c-c60bbd224edd
420	2022-04-17 02:53:51.825446+09	11	None	2	[{"changed": {"fields": ["Customer id"]}}]	31	0a9293fc-133e-46ca-973c-c60bbd224edd
421	2022-04-17 03:06:25.277817+09	10	None	2	[{"changed": {"fields": ["Customer id", "Is active"]}}]	31	0a9293fc-133e-46ca-973c-c60bbd224edd
422	2022-04-17 03:15:38.56003+09	10	None	2	[{"changed": {"fields": ["Customer id", "Plan id", "Plan", "Start date"]}}]	31	0a9293fc-133e-46ca-973c-c60bbd224edd
423	2022-04-17 03:15:43.916266+09	10	None	2	[{"changed": {"fields": ["Is active"]}}]	31	0a9293fc-133e-46ca-973c-c60bbd224edd
424	2022-04-17 03:20:54.464048+09	8bf7d4c9-e652-4a33-b33b-8a835a5eee42	naoki.228@icloud.com	3		16	0a9293fc-133e-46ca-973c-c60bbd224edd
425	2022-04-17 03:45:03.665423+09	12	None	2	[{"changed": {"fields": ["Customer id", "Plan id", "Is active", "Plan", "Start date"]}}]	31	0a9293fc-133e-46ca-973c-c60bbd224edd
426	2022-04-26 07:10:22.365067+09	ada96f76-78c3-40c7-865c-205707ff021a	comme des garsons slacks	2	[{"changed": {"fields": ["Price"]}}]	21	0a9293fc-133e-46ca-973c-c60bbd224edd
427	2022-04-26 07:10:30.727936+09	714f941c-d1e6-4939-b7ee-831714896692	yoji yamamoto 2003ss  T-shirt	2	[{"changed": {"fields": ["Price"]}}]	21	0a9293fc-133e-46ca-973c-c60bbd224edd
428	2022-04-26 07:10:37.672583+09	6caa14f1-b88e-48bf-a496-f23e2bddbd2d	celine	2	[{"changed": {"fields": ["Price"]}}]	21	0a9293fc-133e-46ca-973c-c60bbd224edd
429	2022-04-26 07:10:45.14313+09	6683a9f4-86c1-48c1-a0e6-4f8720b35c12	chloe 	2	[]	21	0a9293fc-133e-46ca-973c-c60bbd224edd
430	2022-04-26 07:10:50.473118+09	6683a9f4-86c1-48c1-a0e6-4f8720b35c12	chloe 	2	[]	21	0a9293fc-133e-46ca-973c-c60bbd224edd
431	2022-04-26 07:10:57.093295+09	4f83965e-dab1-4ddf-b296-34c12f444cfe	yoji yamamoto  	2	[{"changed": {"fields": ["Price"]}}]	21	0a9293fc-133e-46ca-973c-c60bbd224edd
432	2022-04-26 07:11:06.098733+09	4f83965e-dab1-4ddf-b296-34c12f444cfe	yoji yamamoto  	2	[]	21	0a9293fc-133e-46ca-973c-c60bbd224edd
433	2022-04-26 07:11:12.752774+09	408a6647-4a16-4370-ad3a-c590adbb22e8	yoji yamamoto set up	2	[{"changed": {"fields": ["Price"]}}]	21	0a9293fc-133e-46ca-973c-c60bbd224edd
434	2022-04-26 07:11:19.723884+09	0ca54d20-b34c-4300-b8f6-65f0f6f6afd5	alexsander maqueen p	2	[]	21	0a9293fc-133e-46ca-973c-c60bbd224edd
435	2022-05-03 07:32:11.386338+09	cbc9a772-8f13-472c-b4de-5c1dd1deca24	cbc9a772-8f13-472c-b4de-5c1dd1deca24	3		29	0a9293fc-133e-46ca-973c-c60bbd224edd
436	2022-05-03 07:32:11.408627+09	9ae5d85c-0880-4ebd-80e5-199410ebd834	9ae5d85c-0880-4ebd-80e5-199410ebd834	3		29	0a9293fc-133e-46ca-973c-c60bbd224edd
437	2022-05-03 07:32:11.421184+09	991ad2cc-7816-4cc2-8ba2-8e84d292c368	991ad2cc-7816-4cc2-8ba2-8e84d292c368	3		29	0a9293fc-133e-46ca-973c-c60bbd224edd
438	2022-05-03 07:32:11.437725+09	88e7478d-cb8f-458f-a07b-a660005f0fab	88e7478d-cb8f-458f-a07b-a660005f0fab	3		29	0a9293fc-133e-46ca-973c-c60bbd224edd
439	2022-05-03 07:32:11.449853+09	386f82e6-de29-4d01-aa4a-dd39ba19a470	386f82e6-de29-4d01-aa4a-dd39ba19a470	3		29	0a9293fc-133e-46ca-973c-c60bbd224edd
440	2022-05-03 07:32:11.461856+09	319c9b7d-70c0-42ce-8508-2fc32aa55c59	319c9b7d-70c0-42ce-8508-2fc32aa55c59	3		29	0a9293fc-133e-46ca-973c-c60bbd224edd
441	2022-05-03 07:32:11.473954+09	2ae64810-bff9-4fc4-96b1-a1ab70ea21ba	2ae64810-bff9-4fc4-96b1-a1ab70ea21ba	3		29	0a9293fc-133e-46ca-973c-c60bbd224edd
442	2022-05-03 07:32:11.486081+09	1b3aa874-6dcc-4b75-98b3-1d3238c0d701	1b3aa874-6dcc-4b75-98b3-1d3238c0d701	3		29	0a9293fc-133e-46ca-973c-c60bbd224edd
443	2022-05-03 07:32:11.498953+09	0b6fdff7-f575-464d-b995-0951d45690a3	0b6fdff7-f575-464d-b995-0951d45690a3	3		29	0a9293fc-133e-46ca-973c-c60bbd224edd
444	2022-05-03 07:32:11.511525+09	08977605-3631-4f77-a686-0d6583f5cfe9	08977605-3631-4f77-a686-0d6583f5cfe9	3		29	0a9293fc-133e-46ca-973c-c60bbd224edd
445	2022-05-09 02:31:06.155669+09	d9d49054-05ce-4f6c-9207-dd20e0749ec0	d9d49054-05ce-4f6c-9207-dd20e0749ec0	3		29	0a9293fc-133e-46ca-973c-c60bbd224edd
446	2022-05-09 02:31:06.172329+09	5ec60386-5cb6-470d-bb3d-5c4cfcd0badc	5ec60386-5cb6-470d-bb3d-5c4cfcd0badc	3		29	0a9293fc-133e-46ca-973c-c60bbd224edd
447	2022-05-09 02:33:35.690167+09	8bbc4528-24f7-4783-a632-e91a2f1f7364	8bbc4528-24f7-4783-a632-e91a2f1f7364	3		29	0a9293fc-133e-46ca-973c-c60bbd224edd
448	2022-05-09 03:02:56.418197+09	2025ec03-1039-4cbe-894e-b46a930c2b30	2025ec03-1039-4cbe-894e-b46a930c2b30	3		29	0a9293fc-133e-46ca-973c-c60bbd224edd
449	2022-05-09 03:09:29.184818+09	face3320-06de-4ea3-85e9-65844c5b2806	face3320-06de-4ea3-85e9-65844c5b2806	3		29	0a9293fc-133e-46ca-973c-c60bbd224edd
450	2022-05-09 03:09:29.195491+09	b03af1ce-19b0-4844-9cf1-925f012853de	b03af1ce-19b0-4844-9cf1-925f012853de	3		29	0a9293fc-133e-46ca-973c-c60bbd224edd
451	2022-05-09 03:10:55.925032+09	942d2f42-0a92-4010-9576-89a96e5e8789	942d2f42-0a92-4010-9576-89a96e5e8789	3		29	0a9293fc-133e-46ca-973c-c60bbd224edd
452	2022-05-09 03:18:17.643607+09	be6c9804-c3c3-4786-892c-b958a7377526	be6c9804-c3c3-4786-892c-b958a7377526	3		29	0a9293fc-133e-46ca-973c-c60bbd224edd
453	2022-05-09 03:18:17.654568+09	85f9fae6-158f-4f87-87a7-fa4d11dfba7c	85f9fae6-158f-4f87-87a7-fa4d11dfba7c	3		29	0a9293fc-133e-46ca-973c-c60bbd224edd
454	2022-05-09 03:18:17.662401+09	809248b8-930a-4cdd-8029-339e2f72830d	809248b8-930a-4cdd-8029-339e2f72830d	3		29	0a9293fc-133e-46ca-973c-c60bbd224edd
455	2022-05-09 03:18:17.670372+09	722cecb9-d187-4b50-8b34-261cd986ae21	722cecb9-d187-4b50-8b34-261cd986ae21	3		29	0a9293fc-133e-46ca-973c-c60bbd224edd
456	2022-05-09 03:18:17.678539+09	3c472e61-484e-4b59-8d7e-6c937f8acb37	3c472e61-484e-4b59-8d7e-6c937f8acb37	3		29	0a9293fc-133e-46ca-973c-c60bbd224edd
457	2022-05-09 03:18:17.686409+09	3467e4ed-8f9a-4589-86c1-dd181aca7248	3467e4ed-8f9a-4589-86c1-dd181aca7248	3		29	0a9293fc-133e-46ca-973c-c60bbd224edd
458	2022-05-09 03:18:17.694303+09	0b362240-9a3b-431f-aa21-b030b51606a6	0b362240-9a3b-431f-aa21-b030b51606a6	3		29	0a9293fc-133e-46ca-973c-c60bbd224edd
459	2022-05-09 03:35:30.794687+09	fd5919f7-2de7-48d3-8c80-1bce81a2a9d1	fd5919f7-2de7-48d3-8c80-1bce81a2a9d1	3		29	0a9293fc-133e-46ca-973c-c60bbd224edd
460	2022-05-09 03:35:30.805108+09	d42c1c96-6c4c-4aee-9cf4-0f8b3c9f57f9	d42c1c96-6c4c-4aee-9cf4-0f8b3c9f57f9	3		29	0a9293fc-133e-46ca-973c-c60bbd224edd
461	2022-05-09 03:35:30.814428+09	ce172275-043d-40f2-b7a1-38f586fd4ebf	ce172275-043d-40f2-b7a1-38f586fd4ebf	3		29	0a9293fc-133e-46ca-973c-c60bbd224edd
462	2022-05-09 03:35:30.822189+09	b6b947a2-118e-4d25-b3ad-24cff1b465b2	b6b947a2-118e-4d25-b3ad-24cff1b465b2	3		29	0a9293fc-133e-46ca-973c-c60bbd224edd
463	2022-05-09 03:35:30.829763+09	74cb81dd-3103-4762-b4c0-a705de189bb1	74cb81dd-3103-4762-b4c0-a705de189bb1	3		29	0a9293fc-133e-46ca-973c-c60bbd224edd
464	2022-05-09 03:35:30.837795+09	3aab3a97-a716-4c8b-988a-7ee3d806a11b	3aab3a97-a716-4c8b-988a-7ee3d806a11b	3		29	0a9293fc-133e-46ca-973c-c60bbd224edd
465	2022-05-09 03:35:30.845623+09	261abd34-5c62-43cd-8301-60e0f889dd5d	261abd34-5c62-43cd-8301-60e0f889dd5d	3		29	0a9293fc-133e-46ca-973c-c60bbd224edd
466	2022-05-09 03:35:30.865579+09	13f62fc3-8242-444c-9521-fe817564861e	13f62fc3-8242-444c-9521-fe817564861e	3		29	0a9293fc-133e-46ca-973c-c60bbd224edd
467	2022-05-09 03:41:54.504126+09	a2534cb6-0cba-4d41-b3bf-a999c9f6ad18	a2534cb6-0cba-4d41-b3bf-a999c9f6ad18	3		29	0a9293fc-133e-46ca-973c-c60bbd224edd
468	2022-05-09 04:05:02.05442+09	c15953ca-8b11-4ef5-8821-cc2c0bd69da9	c15953ca-8b11-4ef5-8821-cc2c0bd69da9	2	[{"changed": {"fields": ["Is reserved", "Status"]}}]	29	0a9293fc-133e-46ca-973c-c60bbd224edd
469	2022-05-09 04:09:05.653002+09	69b7dad8-fbf4-4005-a9b5-62a9458640c2	69b7dad8-fbf4-4005-a9b5-62a9458640c2	2	[{"changed": {"fields": ["Status", "Shipping number"]}}]	29	0a9293fc-133e-46ca-973c-c60bbd224edd
470	2022-05-10 23:07:36.528236+09	69b7dad8-fbf4-4005-a9b5-62a9458640c2	69b7dad8-fbf4-4005-a9b5-62a9458640c2	2	[{"changed": {"fields": ["Is reserved", "Status"]}}]	29	0a9293fc-133e-46ca-973c-c60bbd224edd
471	2022-05-11 20:31:59.78553+09	1	cus_LSP5iA5GQtyEIq	2	[{"changed": {"fields": ["Is active", "Plan", "Start date", "Update date", "Cancel date"]}}]	31	0a9293fc-133e-46ca-973c-c60bbd224edd
472	2022-05-12 18:48:15.001812+09	1	None	2	[{"changed": {"fields": ["Customer id", "Is active", "Plan", "Plan id", "Start date"]}}]	31	0a9293fc-133e-46ca-973c-c60bbd224edd
473	2022-05-12 19:03:19.742898+09	1	None	2	[{"changed": {"fields": ["Customer id", "Is active", "Plan", "Plan id", "Start date"]}}]	31	0a9293fc-133e-46ca-973c-c60bbd224edd
474	2022-05-12 19:26:37.578974+09	1	None	2	[{"changed": {"fields": ["Customer id", "Plan", "Plan id", "Start date"]}}]	31	0a9293fc-133e-46ca-973c-c60bbd224edd
475	2022-05-12 19:31:43.535035+09	1	None	2	[{"changed": {"fields": ["Customer id", "Is active", "Plan", "Plan id", "Start date"]}}]	31	0a9293fc-133e-46ca-973c-c60bbd224edd
476	2022-05-12 19:58:45.17816+09	1	None	2	[{"changed": {"fields": ["Customer id", "Plan", "Plan id", "Start date"]}}]	31	0a9293fc-133e-46ca-973c-c60bbd224edd
477	2022-05-22 02:53:23.047153+09	6201e56d-6d75-4845-9e07-6aab58092ff4	calvinklein	1	[{"added": {}}]	21	0a9293fc-133e-46ca-973c-c60bbd224edd
478	2022-05-22 02:54:18.572616+09	9	junya watanabe	1	[{"added": {}}]	14	0a9293fc-133e-46ca-973c-c60bbd224edd
479	2022-05-22 02:54:23.650519+09	e4c562b3-dfbf-40c7-9ddb-93517f06a723	junya watanabe	1	[{"added": {}}]	21	0a9293fc-133e-46ca-973c-c60bbd224edd
480	2022-05-22 02:55:11.170396+09	10	lanvin	1	[{"added": {}}]	14	0a9293fc-133e-46ca-973c-c60bbd224edd
481	2022-05-22 02:55:26.029031+09	ddd8b2ca-0ede-4ebb-b44a-271a291e171a	2980	1	[{"added": {}}]	20	0a9293fc-133e-46ca-973c-c60bbd224edd
482	2022-05-22 02:55:28.769748+09	de8b84d2-348d-4399-a3bb-9585827b15ad	lanvin	1	[{"added": {}}]	21	0a9293fc-133e-46ca-973c-c60bbd224edd
483	2022-05-22 02:58:25.771818+09	de8b84d2-348d-4399-a3bb-9585827b15ad	lanvin	2	[{"changed": {"fields": ["Img"]}}]	21	0a9293fc-133e-46ca-973c-c60bbd224edd
484	2022-05-22 03:03:11.47091+09	0970ab1c-5666-4026-8072-673891201365	0970ab1c-5666-4026-8072-673891201365	3		29	0a9293fc-133e-46ca-973c-c60bbd224edd
485	2022-05-22 03:33:45.841131+09	1	None	2	[{"changed": {"fields": ["Customer id", "Plan", "Plan id", "Start date"]}}]	31	0a9293fc-133e-46ca-973c-c60bbd224edd
486	2022-05-22 22:23:50.296869+09	9	vest	1	[{"added": {}}]	15	0a9293fc-133e-46ca-973c-c60bbd224edd
487	2022-05-22 22:24:27.603233+09	9	vest	2	[{"changed": {"fields": ["Image"]}}]	15	0a9293fc-133e-46ca-973c-c60bbd224edd
488	2022-05-22 22:24:41.973506+09	11	dolce & gabbana	1	[{"added": {}}]	14	0a9293fc-133e-46ca-973c-c60bbd224edd
489	2022-05-22 22:24:48.938176+09	cca81326-f198-4287-bf61-9349f84e18b0	dolce & gabbana	1	[{"added": {}}]	21	0a9293fc-133e-46ca-973c-c60bbd224edd
490	2022-05-24 02:43:16.857583+09	f67d50da-a43b-4e4d-80ac-1d64b012dfcb	a.p.c rabit far bulson	2	[{"changed": {"fields": ["Gender"]}}]	21	0a9293fc-133e-46ca-973c-c60bbd224edd
491	2022-05-24 02:43:32.835128+09	e4c562b3-dfbf-40c7-9ddb-93517f06a723	junya watanabe	2	[{"changed": {"fields": ["Gender"]}}]	21	0a9293fc-133e-46ca-973c-c60bbd224edd
492	2022-05-24 02:43:39.030067+09	e0ad8fac-79d3-40d8-9663-8b3ba72dc4a2	calvinklein	2	[{"changed": {"fields": ["Gender"]}}]	21	0a9293fc-133e-46ca-973c-c60bbd224edd
493	2022-05-24 02:43:47.593226+09	de8b84d2-348d-4399-a3bb-9585827b15ad	lanvin	2	[{"changed": {"fields": ["Gender"]}}]	21	0a9293fc-133e-46ca-973c-c60bbd224edd
494	2022-05-24 02:43:53.905802+09	da0eacbd-569a-4f4a-85a3-b94d73510c86	Y's yoji yamamoto 	2	[{"changed": {"fields": ["Gender"]}}]	21	0a9293fc-133e-46ca-973c-c60bbd224edd
495	2022-05-24 02:44:02.388815+09	cca81326-f198-4287-bf61-9349f84e18b0	dolce & gabbana	2	[{"changed": {"fields": ["Gender"]}}]	21	0a9293fc-133e-46ca-973c-c60bbd224edd
496	2022-05-24 02:44:10.806585+09	bc536466-2d15-4919-828a-b55178af6ec8	comme des garsons short pant	2	[{"changed": {"fields": ["Gender"]}}]	21	0a9293fc-133e-46ca-973c-c60bbd224edd
497	2022-05-24 02:44:20.492568+09	ada96f76-78c3-40c7-865c-205707ff021a	comme des garsons slacks	2	[{"changed": {"fields": ["Gender"]}}]	21	0a9293fc-133e-46ca-973c-c60bbd224edd
498	2022-05-24 02:44:27.500918+09	714f941c-d1e6-4939-b7ee-831714896692	yoji yamamoto 2003ss  T-shirt	2	[{"changed": {"fields": ["Gender"]}}]	21	0a9293fc-133e-46ca-973c-c60bbd224edd
499	2022-05-24 02:44:37.136659+09	6caa14f1-b88e-48bf-a496-f23e2bddbd2d	celine	2	[{"changed": {"fields": ["Gender"]}}]	21	0a9293fc-133e-46ca-973c-c60bbd224edd
500	2022-05-24 02:44:45.956125+09	6683a9f4-86c1-48c1-a0e6-4f8720b35c12	chloe 	2	[{"changed": {"fields": ["Gender"]}}]	21	0a9293fc-133e-46ca-973c-c60bbd224edd
501	2022-05-24 02:44:53.141985+09	6201e56d-6d75-4845-9e07-6aab58092ff4	calvinklein	2	[{"changed": {"fields": ["Gender"]}}]	21	0a9293fc-133e-46ca-973c-c60bbd224edd
502	2022-05-24 02:44:59.397151+09	4f83965e-dab1-4ddf-b296-34c12f444cfe	yoji yamamoto  	2	[{"changed": {"fields": ["Gender"]}}]	21	0a9293fc-133e-46ca-973c-c60bbd224edd
503	2022-05-24 02:45:05.764223+09	408a6647-4a16-4370-ad3a-c590adbb22e8	yoji yamamoto set up	2	[{"changed": {"fields": ["Gender"]}}]	21	0a9293fc-133e-46ca-973c-c60bbd224edd
504	2022-05-24 02:45:12.085277+09	0ca54d20-b34c-4300-b8f6-65f0f6f6afd5	alexsander maqueen p	2	[{"changed": {"fields": ["Gender"]}}]	21	0a9293fc-133e-46ca-973c-c60bbd224edd
505	2022-05-24 02:46:01.850568+09	e4c562b3-dfbf-40c7-9ddb-93517f06a723	junya watanabe	2	[]	21	0a9293fc-133e-46ca-973c-c60bbd224edd
506	2022-05-24 02:46:50.881484+09	e4c562b3-dfbf-40c7-9ddb-93517f06a723	junya watanabe	2	[{"changed": {"fields": ["Description"]}}]	21	0a9293fc-133e-46ca-973c-c60bbd224edd
507	2022-05-24 02:50:01.755208+09	1	Variation object (1)	1	[{"added": {}}]	25	0a9293fc-133e-46ca-973c-c60bbd224edd
508	2022-05-24 02:50:13.631396+09	1	Variation object (1)	2	[{"changed": {"fields": ["Product"]}}]	25	0a9293fc-133e-46ca-973c-c60bbd224edd
509	2022-05-24 03:19:44.565777+09	f67d50da-a43b-4e4d-80ac-1d64b012dfcb	a.p.c rabit far bulson	2	[]	21	0a9293fc-133e-46ca-973c-c60bbd224edd
510	2022-05-24 03:19:48.231294+09	e4c562b3-dfbf-40c7-9ddb-93517f06a723	junya watanabe	2	[]	21	0a9293fc-133e-46ca-973c-c60bbd224edd
511	2022-05-24 03:19:52.181546+09	e0ad8fac-79d3-40d8-9663-8b3ba72dc4a2	calvinklein	2	[]	21	0a9293fc-133e-46ca-973c-c60bbd224edd
512	2022-05-24 03:23:06.931131+09	e4c562b3-dfbf-40c7-9ddb-93517f06a723	junya watanabe	2	[]	21	0a9293fc-133e-46ca-973c-c60bbd224edd
513	2022-05-24 03:23:13.060923+09	f67d50da-a43b-4e4d-80ac-1d64b012dfcb	a.p.c rabit far bulson	2	[]	21	0a9293fc-133e-46ca-973c-c60bbd224edd
514	2022-05-24 03:23:18.854972+09	f67d50da-a43b-4e4d-80ac-1d64b012dfcb	a.p.c rabit far bulson	2	[{"changed": {"fields": ["Price"]}}]	21	0a9293fc-133e-46ca-973c-c60bbd224edd
515	2022-05-24 03:23:23.175213+09	e0ad8fac-79d3-40d8-9663-8b3ba72dc4a2	calvinklein	2	[]	21	0a9293fc-133e-46ca-973c-c60bbd224edd
516	2022-05-24 03:23:27.466652+09	e0ad8fac-79d3-40d8-9663-8b3ba72dc4a2	calvinklein	2	[]	21	0a9293fc-133e-46ca-973c-c60bbd224edd
517	2022-05-24 03:23:31.247178+09	de8b84d2-348d-4399-a3bb-9585827b15ad	lanvin	2	[]	21	0a9293fc-133e-46ca-973c-c60bbd224edd
518	2022-05-24 03:23:35.969168+09	da0eacbd-569a-4f4a-85a3-b94d73510c86	Y's yoji yamamoto 	2	[]	21	0a9293fc-133e-46ca-973c-c60bbd224edd
519	2022-05-24 03:23:40.902933+09	cca81326-f198-4287-bf61-9349f84e18b0	dolce & gabbana	2	[]	21	0a9293fc-133e-46ca-973c-c60bbd224edd
520	2022-05-24 03:23:45.806662+09	da0eacbd-569a-4f4a-85a3-b94d73510c86	Y's yoji yamamoto 	2	[]	21	0a9293fc-133e-46ca-973c-c60bbd224edd
521	2022-05-24 03:23:50.33249+09	ada96f76-78c3-40c7-865c-205707ff021a	comme des garsons slacks	2	[]	21	0a9293fc-133e-46ca-973c-c60bbd224edd
522	2022-05-24 03:23:56.443185+09	714f941c-d1e6-4939-b7ee-831714896692	yoji yamamoto 2003ss  T-shirt	2	[]	21	0a9293fc-133e-46ca-973c-c60bbd224edd
523	2022-05-24 03:24:00.701136+09	4f83965e-dab1-4ddf-b296-34c12f444cfe	yoji yamamoto  	2	[]	21	0a9293fc-133e-46ca-973c-c60bbd224edd
524	2022-05-24 03:24:05.129997+09	408a6647-4a16-4370-ad3a-c590adbb22e8	yoji yamamoto set up	2	[]	21	0a9293fc-133e-46ca-973c-c60bbd224edd
525	2022-05-24 03:24:09.847462+09	0ca54d20-b34c-4300-b8f6-65f0f6f6afd5	alexsander maqueen p	2	[]	21	0a9293fc-133e-46ca-973c-c60bbd224edd
526	2022-06-03 21:14:55.597968+09	1	None	2	[{"changed": {"fields": ["Customer id", "Is active"]}}]	31	0a9293fc-133e-46ca-973c-c60bbd224edd
527	2022-06-04 02:21:26.689424+09	2	enclopediainfo@gmail.com	3		11	0a9293fc-133e-46ca-973c-c60bbd224edd
528	2022-06-04 02:21:26.734761+09	1	naokiyamaguchi0228@gmail.com	3		11	0a9293fc-133e-46ca-973c-c60bbd224edd
529	2022-06-04 02:23:51.678283+09	26		3		41	0a9293fc-133e-46ca-973c-c60bbd224edd
530	2022-06-04 02:23:51.957949+09	26		3		41	0a9293fc-133e-46ca-973c-c60bbd224edd
531	2022-06-04 02:45:10.243687+09	fa255e04-f912-4cb5-8a06-6f2239ca34e8	naokiyamaguchi0228@gmail.com	3		16	0a9293fc-133e-46ca-973c-c60bbd224edd
532	2022-06-04 02:45:10.275711+09	b121000f-f9f3-4ae3-9aa9-1bf73f698aed	enclopediainfo@gmail.com	3		16	0a9293fc-133e-46ca-973c-c60bbd224edd
533	2022-06-04 02:46:51.731254+09	5d9acb62-5298-4f9b-ab12-a04d12dd9fee	naokiyamaguchi0228@gmail.com	2	[{"changed": {"fields": ["Is active"]}}]	16	0a9293fc-133e-46ca-973c-c60bbd224edd
534	2022-06-07 00:38:28.617551+09	22a13484-03c3-4e16-bdd0-89fe70b45866	22a13484-03c3-4e16-bdd0-89fe70b45866	2	[{"changed": {"fields": ["Status"]}}]	29	0a9293fc-133e-46ca-973c-c60bbd224edd
535	2022-06-07 00:42:04.580723+09	1	None	2	[{"changed": {"fields": ["Customer id"]}}]	31	0a9293fc-133e-46ca-973c-c60bbd224edd
536	2022-06-07 00:43:23.327422+09	c15953ca-8b11-4ef5-8821-cc2c0bd69da9	c15953ca-8b11-4ef5-8821-cc2c0bd69da9	3		29	0a9293fc-133e-46ca-973c-c60bbd224edd
537	2022-06-07 00:43:23.338586+09	acfa7f57-b6f1-4a06-aa24-a6437e1f1c96	acfa7f57-b6f1-4a06-aa24-a6437e1f1c96	3		29	0a9293fc-133e-46ca-973c-c60bbd224edd
538	2022-06-07 00:43:23.347954+09	69b7dad8-fbf4-4005-a9b5-62a9458640c2	69b7dad8-fbf4-4005-a9b5-62a9458640c2	3		29	0a9293fc-133e-46ca-973c-c60bbd224edd
539	2022-06-07 00:43:23.370111+09	22a13484-03c3-4e16-bdd0-89fe70b45866	22a13484-03c3-4e16-bdd0-89fe70b45866	3		29	0a9293fc-133e-46ca-973c-c60bbd224edd
540	2022-06-07 00:46:19.857779+09	eff37ddf-b66c-452e-9ee3-2b44ddfe7413	eff37ddf-b66c-452e-9ee3-2b44ddfe7413	3		29	0a9293fc-133e-46ca-973c-c60bbd224edd
541	2022-06-07 00:46:19.868855+09	c8d750c7-8ba2-4b69-ad0c-32d7bc1a0d5d	c8d750c7-8ba2-4b69-ad0c-32d7bc1a0d5d	3		29	0a9293fc-133e-46ca-973c-c60bbd224edd
542	2022-06-07 00:59:08.297115+09	facb8e16-55ff-4eeb-ae8a-c0592a6d01ef	facb8e16-55ff-4eeb-ae8a-c0592a6d01ef	3		29	0a9293fc-133e-46ca-973c-c60bbd224edd
543	2022-06-07 00:59:08.309161+09	e6c650fd-c9e6-43f2-96e5-b77050659933	e6c650fd-c9e6-43f2-96e5-b77050659933	3		29	0a9293fc-133e-46ca-973c-c60bbd224edd
544	2022-06-07 01:04:35.452409+09	b4b60e30-c4a4-47d0-aa50-a22c7da059e6	b4b60e30-c4a4-47d0-aa50-a22c7da059e6	2	[{"changed": {"fields": ["Status"]}}]	29	0a9293fc-133e-46ca-973c-c60bbd224edd
545	2022-06-07 01:06:40.634769+09	b4b60e30-c4a4-47d0-aa50-a22c7da059e6	b4b60e30-c4a4-47d0-aa50-a22c7da059e6	3		29	0a9293fc-133e-46ca-973c-c60bbd224edd
546	2022-06-07 01:06:40.651867+09	361cfaf2-c183-4677-acb4-21e51e608b19	361cfaf2-c183-4677-acb4-21e51e608b19	3		29	0a9293fc-133e-46ca-973c-c60bbd224edd
547	2022-06-07 01:12:15.22014+09	be58395d-ec8c-4289-b2d7-6b0d690f0f15	be58395d-ec8c-4289-b2d7-6b0d690f0f15	3		29	0a9293fc-133e-46ca-973c-c60bbd224edd
548	2022-06-07 01:12:15.237044+09	b410d79c-3c7f-4c98-a04f-a7917a18cd2f	b410d79c-3c7f-4c98-a04f-a7917a18cd2f	3		29	0a9293fc-133e-46ca-973c-c60bbd224edd
549	2022-06-07 01:12:15.249728+09	6254af98-2138-403c-87a6-cc6f6d97a529	6254af98-2138-403c-87a6-cc6f6d97a529	3		29	0a9293fc-133e-46ca-973c-c60bbd224edd
550	2022-06-07 01:12:15.260588+09	3c33a43b-69aa-4789-a454-0694907bbebd	3c33a43b-69aa-4789-a454-0694907bbebd	3		29	0a9293fc-133e-46ca-973c-c60bbd224edd
551	2022-06-07 01:12:34.825386+09	e4c562b3-dfbf-40c7-9ddb-93517f06a723	junya watanabe	2	[{"changed": {"fields": ["Stock"]}}]	21	0a9293fc-133e-46ca-973c-c60bbd224edd
552	2022-06-07 01:13:10.481066+09	de8b84d2-348d-4399-a3bb-9585827b15ad	lanvin	2	[{"changed": {"fields": ["Stock"]}}]	21	0a9293fc-133e-46ca-973c-c60bbd224edd
553	2022-06-07 01:13:28.293045+09	cca81326-f198-4287-bf61-9349f84e18b0	dolce & gabbana	2	[{"changed": {"fields": ["Stock"]}}]	21	0a9293fc-133e-46ca-973c-c60bbd224edd
554	2022-06-07 01:13:36.489718+09	bc536466-2d15-4919-828a-b55178af6ec8	comme des garsons short pant	2	[{"changed": {"fields": ["Stock"]}}]	21	0a9293fc-133e-46ca-973c-c60bbd224edd
555	2022-06-07 01:15:21.735719+09	ada96f76-78c3-40c7-865c-205707ff021a	comme des garsons slacks	2	[{"changed": {"fields": ["Stock"]}}]	21	0a9293fc-133e-46ca-973c-c60bbd224edd
556	2022-06-07 01:15:32.937573+09	6caa14f1-b88e-48bf-a496-f23e2bddbd2d	celine	2	[{"changed": {"fields": ["Stock"]}}]	21	0a9293fc-133e-46ca-973c-c60bbd224edd
557	2022-06-07 01:15:41.496136+09	6683a9f4-86c1-48c1-a0e6-4f8720b35c12	chloe 	2	[{"changed": {"fields": ["Stock"]}}]	21	0a9293fc-133e-46ca-973c-c60bbd224edd
558	2022-06-07 01:15:49.571935+09	6201e56d-6d75-4845-9e07-6aab58092ff4	calvinklein	2	[{"changed": {"fields": ["Stock"]}}]	21	0a9293fc-133e-46ca-973c-c60bbd224edd
559	2022-06-07 01:15:57.431533+09	4f83965e-dab1-4ddf-b296-34c12f444cfe	yoji yamamoto  	2	[{"changed": {"fields": ["Stock"]}}]	21	0a9293fc-133e-46ca-973c-c60bbd224edd
560	2022-06-07 01:16:04.162127+09	408a6647-4a16-4370-ad3a-c590adbb22e8	yoji yamamoto set up	2	[{"changed": {"fields": ["Stock"]}}]	21	0a9293fc-133e-46ca-973c-c60bbd224edd
561	2022-06-07 01:16:09.659955+09	0ca54d20-b34c-4300-b8f6-65f0f6f6afd5	alexsander maqueen p	2	[{"changed": {"fields": ["Stock"]}}]	21	0a9293fc-133e-46ca-973c-c60bbd224edd
562	2022-06-07 01:16:59.824383+09	f67d50da-a43b-4e4d-80ac-1d64b012dfcb	a.p.c rabit far bulson	2	[{"changed": {"fields": ["Stock"]}}]	21	0a9293fc-133e-46ca-973c-c60bbd224edd
563	2022-06-07 02:24:27.751757+09	79d14e0c-05b9-45b3-9dae-2f1f1776027a	79d14e0c-05b9-45b3-9dae-2f1f1776027a	2	[{"changed": {"fields": ["Status", "Shipping number"]}}]	29	0a9293fc-133e-46ca-973c-c60bbd224edd
564	2022-06-07 02:25:37.566414+09	79d14e0c-05b9-45b3-9dae-2f1f1776027a	79d14e0c-05b9-45b3-9dae-2f1f1776027a	2	[{"changed": {"fields": ["Is reserved", "Status"]}}]	29	0a9293fc-133e-46ca-973c-c60bbd224edd
565	2022-06-21 06:14:24.115336+09	da33e7ba-aa65-438d-af8f-c3e9b25718ca	da33e7ba-aa65-438d-af8f-c3e9b25718ca	3		29	0a9293fc-133e-46ca-973c-c60bbd224edd
566	2022-06-21 06:14:30.337155+09	79d14e0c-05b9-45b3-9dae-2f1f1776027a	79d14e0c-05b9-45b3-9dae-2f1f1776027a	3		29	0a9293fc-133e-46ca-973c-c60bbd224edd
567	2022-06-21 06:14:36.445728+09	3ffc2124-6093-4689-aa74-b73f6cd65ab0	3ffc2124-6093-4689-aa74-b73f6cd65ab0	3		29	0a9293fc-133e-46ca-973c-c60bbd224edd
568	2022-06-21 23:00:28.528137+09	ced87e88-18de-4e3e-a4e0-3a57682d5344	ced87e88-18de-4e3e-a4e0-3a57682d5344	2	[{"changed": {"fields": ["Is reserved", "Status"]}}]	29	0a9293fc-133e-46ca-973c-c60bbd224edd
569	2022-06-28 22:37:28.185213+09	6	yohji yamamoto	2	[{"changed": {"fields": ["Brand name", "Img"]}}]	14	0a9293fc-133e-46ca-973c-c60bbd224edd
570	2022-06-28 23:06:24.264222+09	3	calvinklein	2	[]	44	0a9293fc-133e-46ca-973c-c60bbd224edd
571	2022-06-28 23:07:26.441987+09	11	dolce & gabbana	2	[{"changed": {"fields": ["Img"]}}]	14	0a9293fc-133e-46ca-973c-c60bbd224edd
572	2022-06-28 23:07:35.217536+09	10	lanvin	2	[{"changed": {"fields": ["Img"]}}]	14	0a9293fc-133e-46ca-973c-c60bbd224edd
573	2022-06-28 23:07:45.578567+09	4	calvinklein	2	[{"changed": {"fields": ["Img"]}}]	14	0a9293fc-133e-46ca-973c-c60bbd224edd
574	2022-06-30 07:28:37.618812+09	1	None	2	[{"changed": {"fields": ["Customer id", "Plan", "Plan id", "Start date"]}}]	31	0a9293fc-133e-46ca-973c-c60bbd224edd
575	2022-07-01 02:14:43.978566+09	ced87e88-18de-4e3e-a4e0-3a57682d5344	ced87e88-18de-4e3e-a4e0-3a57682d5344	3		29	0a9293fc-133e-46ca-973c-c60bbd224edd
576	2022-07-01 02:14:43.99693+09	99e6ac0f-b428-43b4-8f98-3f0f8e4bd0b8	99e6ac0f-b428-43b4-8f98-3f0f8e4bd0b8	3		29	0a9293fc-133e-46ca-973c-c60bbd224edd
577	2022-07-01 02:15:17.121329+09	e0ad8fac-79d3-40d8-9663-8b3ba72dc4a2	calvinklein	2	[{"changed": {"fields": ["Stock"]}}]	21	0a9293fc-133e-46ca-973c-c60bbd224edd
578	2022-07-01 02:17:02.82301+09	6201e56d-6d75-4845-9e07-6aab58092ff4	calvinklein	2	[{"changed": {"fields": ["Stock"]}}]	21	0a9293fc-133e-46ca-973c-c60bbd224edd
579	2022-07-01 05:42:22.610968+09	f76134bf-6f42-4169-b3db-df43c6b1418c	f76134bf-6f42-4169-b3db-df43c6b1418c	3		29	0a9293fc-133e-46ca-973c-c60bbd224edd
580	2022-07-01 22:07:15.518777+09	cca81326-f198-4287-bf61-9349f84e18b0	dolce & gabbana	2	[{"changed": {"fields": ["Tag"]}}]	21	0a9293fc-133e-46ca-973c-c60bbd224edd
581	2022-07-03 05:39:01.040041+09	1	cus_LyQzx60TBpCzv5	2	[]	31	0a9293fc-133e-46ca-973c-c60bbd224edd
582	2022-07-03 05:39:08.999507+09	1	cus_LyQzx60TBpCzv5	2	[{"changed": {"fields": ["Cancel date"]}}]	31	0a9293fc-133e-46ca-973c-c60bbd224edd
583	2022-07-03 05:46:13.030369+09	f8eee4cd-880e-4709-a043-92fbf1ef5526	f8eee4cd-880e-4709-a043-92fbf1ef5526	3		29	0a9293fc-133e-46ca-973c-c60bbd224edd
584	2022-07-03 05:46:13.041109+09	f70c418c-a0c6-4795-b6a0-b268b12a9216	f70c418c-a0c6-4795-b6a0-b268b12a9216	3		29	0a9293fc-133e-46ca-973c-c60bbd224edd
585	2022-07-03 05:46:13.05055+09	f528b2dd-4594-4168-8b03-e45b3c6e2ad0	f528b2dd-4594-4168-8b03-e45b3c6e2ad0	3		29	0a9293fc-133e-46ca-973c-c60bbd224edd
586	2022-07-03 05:46:13.061384+09	c50d616a-3b5e-471d-98e8-22b7ad3d4fb4	c50d616a-3b5e-471d-98e8-22b7ad3d4fb4	3		29	0a9293fc-133e-46ca-973c-c60bbd224edd
587	2022-07-03 05:46:13.075045+09	a3f0a8ce-ed07-4fa4-96ef-98b8a1ffa2b4	a3f0a8ce-ed07-4fa4-96ef-98b8a1ffa2b4	3		29	0a9293fc-133e-46ca-973c-c60bbd224edd
588	2022-07-03 05:46:13.084945+09	a0038864-8b3e-4a5d-9774-5add34efdef1	a0038864-8b3e-4a5d-9774-5add34efdef1	3		29	0a9293fc-133e-46ca-973c-c60bbd224edd
589	2022-07-03 05:46:13.09441+09	7d99cefc-7bfa-4d74-97f9-eda0ab4c8692	7d99cefc-7bfa-4d74-97f9-eda0ab4c8692	3		29	0a9293fc-133e-46ca-973c-c60bbd224edd
590	2022-07-03 05:46:13.104221+09	7d529604-628e-45d5-bea9-d7942638c2fd	7d529604-628e-45d5-bea9-d7942638c2fd	3		29	0a9293fc-133e-46ca-973c-c60bbd224edd
591	2022-07-03 05:46:13.113498+09	70db4efa-ed72-4338-b0b0-dbbe8f9e6255	70db4efa-ed72-4338-b0b0-dbbe8f9e6255	3		29	0a9293fc-133e-46ca-973c-c60bbd224edd
592	2022-07-03 05:46:13.122333+09	493dca02-367e-4ed7-b820-d4aa1946faab	493dca02-367e-4ed7-b820-d4aa1946faab	3		29	0a9293fc-133e-46ca-973c-c60bbd224edd
593	2022-07-03 05:46:13.131413+09	489b351c-d169-4511-b43c-514f422099c0	489b351c-d169-4511-b43c-514f422099c0	3		29	0a9293fc-133e-46ca-973c-c60bbd224edd
594	2022-07-03 05:46:13.140477+09	45bd47a1-d217-4950-8ac9-1a7b32efb105	45bd47a1-d217-4950-8ac9-1a7b32efb105	3		29	0a9293fc-133e-46ca-973c-c60bbd224edd
595	2022-07-03 05:46:13.149856+09	40379e1d-ffee-4b0e-8ab4-b855e573d949	40379e1d-ffee-4b0e-8ab4-b855e573d949	3		29	0a9293fc-133e-46ca-973c-c60bbd224edd
596	2022-07-03 05:46:13.159158+09	15017325-b48d-48ed-90ad-681163b9827b	15017325-b48d-48ed-90ad-681163b9827b	3		29	0a9293fc-133e-46ca-973c-c60bbd224edd
597	2022-07-03 05:46:13.168413+09	13acc77b-5ef0-44eb-8fc3-c3987aba91dc	13acc77b-5ef0-44eb-8fc3-c3987aba91dc	3		29	0a9293fc-133e-46ca-973c-c60bbd224edd
598	2022-07-03 06:58:00.621665+09	1	cus_LyQzx60TBpCzv5	2	[{"changed": {"fields": ["Is active", "Plan", "Plan id", "Start date", "Cancel date"]}}]	31	0a9293fc-133e-46ca-973c-c60bbd224edd
599	2022-07-03 06:59:32.234984+09	1	cus_LyQzx60TBpCzv5	2	[]	31	0a9293fc-133e-46ca-973c-c60bbd224edd
600	2022-07-03 07:00:11.676607+09	1	None	2	[{"changed": {"fields": ["Customer id"]}}]	31	0a9293fc-133e-46ca-973c-c60bbd224edd
601	2022-07-03 07:09:25.357556+09	1	None	2	[{"changed": {"fields": ["Customer id"]}}]	31	0a9293fc-133e-46ca-973c-c60bbd224edd
602	2022-07-03 07:16:23.708524+09	1	None	2	[{"changed": {"fields": ["Customer id"]}}]	31	0a9293fc-133e-46ca-973c-c60bbd224edd
603	2022-07-03 07:59:23.975711+09	1	None	2	[{"changed": {"fields": ["Customer id", "Is active", "Plan", "Plan id", "Start date"]}}]	31	0a9293fc-133e-46ca-973c-c60bbd224edd
604	2022-07-03 23:32:20.717483+09	1	None	2	[{"changed": {"fields": ["Customer id", "Plan", "Plan id", "Start date"]}}]	31	0a9293fc-133e-46ca-973c-c60bbd224edd
605	2022-07-04 04:01:56.620331+09	1	None	2	[{"changed": {"fields": ["Customer id", "Is active", "Plan", "Plan id", "Start date"]}}]	31	0a9293fc-133e-46ca-973c-c60bbd224edd
606	2022-07-04 04:08:32.718276+09	1	None	2	[{"changed": {"fields": ["Customer id", "Is active", "Plan", "Plan id", "Start date"]}}]	31	0a9293fc-133e-46ca-973c-c60bbd224edd
607	2022-07-04 04:12:27.803147+09	1	None	2	[{"changed": {"fields": ["Customer id", "Is active", "Plan", "Plan id", "Start date"]}}]	31	0a9293fc-133e-46ca-973c-c60bbd224edd
608	2022-07-04 04:18:53.786084+09	1	cus_LzXIReeccGPIpH	3		31	0a9293fc-133e-46ca-973c-c60bbd224edd
609	2022-07-04 04:19:18.182339+09	15	None	1	[{"added": {}}]	31	0a9293fc-133e-46ca-973c-c60bbd224edd
610	2022-07-04 04:24:53.15157+09	15	None	2	[{"changed": {"fields": ["Customer id", "Is active", "Plan", "Plan id", "Start date"]}}]	31	0a9293fc-133e-46ca-973c-c60bbd224edd
611	2022-07-04 04:25:26.021557+09	15	None	2	[]	31	0a9293fc-133e-46ca-973c-c60bbd224edd
612	2022-07-04 04:29:31.304664+09	15	None	2	[{"changed": {"fields": ["Customer id", "Is active", "Plan", "Plan id", "Start date"]}}]	31	0a9293fc-133e-46ca-973c-c60bbd224edd
613	2022-07-04 04:35:37.085929+09	15	cus_LzXauA6xYvIha0	3		31	0a9293fc-133e-46ca-973c-c60bbd224edd
614	2022-07-04 04:35:48.323081+09	16	None	1	[{"added": {}}]	31	0a9293fc-133e-46ca-973c-c60bbd224edd
615	2022-07-04 04:37:39.224734+09	16	None	2	[{"changed": {"fields": ["Customer id", "Is active", "Plan", "Plan id", "Start date"]}}]	31	0a9293fc-133e-46ca-973c-c60bbd224edd
616	2022-07-04 04:41:20.524274+09	16	None	2	[{"changed": {"fields": ["Customer id", "Is active", "Plan", "Plan id", "Start date"]}}]	31	0a9293fc-133e-46ca-973c-c60bbd224edd
617	2022-07-04 04:52:04.790706+09	16	None	2	[{"changed": {"fields": ["Customer id", "Is active", "Plan", "Plan id", "Start date"]}}]	31	0a9293fc-133e-46ca-973c-c60bbd224edd
618	2022-07-04 05:12:58.049567+09	16	None	2	[{"changed": {"fields": ["Customer id", "Is active", "Plan", "Plan id", "Start date"]}}]	31	0a9293fc-133e-46ca-973c-c60bbd224edd
619	2022-07-04 05:24:43.025883+09	10fdef19-60a5-48cd-83bc-ac102659abe7	10fdef19-60a5-48cd-83bc-ac102659abe7	3		29	0a9293fc-133e-46ca-973c-c60bbd224edd
620	2022-07-04 05:55:03.372932+09	16	cus_LzYHc7dm0MMCRs	3		31	0a9293fc-133e-46ca-973c-c60bbd224edd
621	2022-07-04 05:55:17.244022+09	17	None	1	[{"added": {}}]	31	0a9293fc-133e-46ca-973c-c60bbd224edd
622	2022-07-04 06:05:59.241382+09	17	cus_LzYz70E0cBjeMJ	3		31	0a9293fc-133e-46ca-973c-c60bbd224edd
623	2022-07-04 06:06:15.874376+09	18	None	1	[{"added": {}}]	31	0a9293fc-133e-46ca-973c-c60bbd224edd
624	2022-07-04 06:20:59.528116+09	18	cus_LzZ81fvf7Lrhz4	3		31	0a9293fc-133e-46ca-973c-c60bbd224edd
625	2022-07-04 06:21:10.464269+09	19	None	1	[{"added": {}}]	31	0a9293fc-133e-46ca-973c-c60bbd224edd
626	2022-07-04 06:44:27.808409+09	19	cus_LzZNcAA696UITC	3		31	0a9293fc-133e-46ca-973c-c60bbd224edd
627	2022-07-04 06:44:37.144979+09	20	None	1	[{"added": {}}]	31	0a9293fc-133e-46ca-973c-c60bbd224edd
628	2022-07-04 07:01:35.953479+09	20	cus_LzZlPuYp1fMk2K	3		31	0a9293fc-133e-46ca-973c-c60bbd224edd
629	2022-07-04 07:01:42.808379+09	21	None	1	[{"added": {}}]	31	0a9293fc-133e-46ca-973c-c60bbd224edd
630	2022-07-04 07:27:54.063678+09	21	cus_Lza6DObkgW7RyC	3		31	0a9293fc-133e-46ca-973c-c60bbd224edd
631	2022-07-04 07:28:00.38566+09	22	None	1	[{"added": {}}]	31	0a9293fc-133e-46ca-973c-c60bbd224edd
632	2022-07-04 08:03:00.245976+09	22	cus_LzaSACNvm5FohK	3		31	0a9293fc-133e-46ca-973c-c60bbd224edd
633	2022-07-04 08:03:12.123013+09	23	None	1	[{"added": {}}]	31	0a9293fc-133e-46ca-973c-c60bbd224edd
634	2022-07-04 22:53:54.779934+09	23	cus_Lzb5WqETKsq2ys	2	[{"changed": {"fields": ["Plan", "Plan id", "Start date", "Update date", "Cancel date"]}}]	31	0a9293fc-133e-46ca-973c-c60bbd224edd
635	2022-07-05 04:02:37.516492+09	23	cus_Lzb5WqETKsq2ys	3		31	0a9293fc-133e-46ca-973c-c60bbd224edd
636	2022-07-05 04:02:46.738792+09	24	None	1	[{"added": {}}]	31	0a9293fc-133e-46ca-973c-c60bbd224edd
637	2022-07-05 04:34:13.823554+09	e6033946-03d2-4d8f-bf88-21627ea90bf3	e6033946-03d2-4d8f-bf88-21627ea90bf3	2	[{"changed": {"fields": ["Status"]}}]	29	0a9293fc-133e-46ca-973c-c60bbd224edd
638	2022-07-05 04:34:24.798906+09	e6033946-03d2-4d8f-bf88-21627ea90bf3	e6033946-03d2-4d8f-bf88-21627ea90bf3	2	[{"changed": {"fields": ["Is reserved"]}}]	29	0a9293fc-133e-46ca-973c-c60bbd224edd
639	2022-07-05 06:16:29.507846+09	24	cus_LzuMjvcDcri9cQ	3		31	0a9293fc-133e-46ca-973c-c60bbd224edd
640	2022-07-05 06:16:37.787811+09	25	None	1	[{"added": {}}]	31	0a9293fc-133e-46ca-973c-c60bbd224edd
641	2022-07-05 06:56:36.83824+09	e6033946-03d2-4d8f-bf88-21627ea90bf3	e6033946-03d2-4d8f-bf88-21627ea90bf3	3		29	0a9293fc-133e-46ca-973c-c60bbd224edd
642	2022-07-05 07:23:16.802723+09	88c8261b-ecb6-4360-b78e-1f9a6754c9f5	88c8261b-ecb6-4360-b78e-1f9a6754c9f5	3		29	0a9293fc-133e-46ca-973c-c60bbd224edd
643	2022-07-05 18:13:59.664207+09	25	cus_LzxCNCY9suKYlF	3		31	0a9293fc-133e-46ca-973c-c60bbd224edd
644	2022-07-05 18:14:08.826764+09	26	None	1	[{"added": {}}]	31	0a9293fc-133e-46ca-973c-c60bbd224edd
645	2022-07-05 18:50:25.518616+09	26	cus_M088DpUiZNYfrE	2	[{"changed": {"fields": ["Cancel date"]}}]	31	0a9293fc-133e-46ca-973c-c60bbd224edd
646	2022-07-05 18:52:54.178175+09	26	cus_M088DpUiZNYfrE	2	[{"changed": {"fields": ["Cancel date"]}}]	31	0a9293fc-133e-46ca-973c-c60bbd224edd
647	2022-07-05 18:54:37.500478+09	26	cus_M088DpUiZNYfrE	2	[{"changed": {"fields": ["Cancel date"]}}]	31	0a9293fc-133e-46ca-973c-c60bbd224edd
648	2022-07-05 20:12:33.916208+09	26	cus_M088DpUiZNYfrE	2	[]	31	0a9293fc-133e-46ca-973c-c60bbd224edd
649	2022-07-07 07:09:21.149659+09	285d2eb6-e418-4070-b9f2-3b109599ba9a	285d2eb6-e418-4070-b9f2-3b109599ba9a	3		29	0a9293fc-133e-46ca-973c-c60bbd224edd
650	2022-07-30 23:43:59.818616+09	7815dd3c-02e0-4481-8db8-daa4a61548cc	naoki.228@icloud.com	3		16	0a9293fc-133e-46ca-973c-c60bbd224edd
651	2022-07-30 23:43:59.833534+09	5d9acb62-5298-4f9b-ab12-a04d12dd9fee	naokiyamaguchi0228@gmail.com	3		16	0a9293fc-133e-46ca-973c-c60bbd224edd
652	2022-07-30 23:48:01.511846+09	26	None	2	[{"changed": {"fields": ["Customer id", "Plan", "Plan id", "Start date", "Cancel date"]}}]	31	0a9293fc-133e-46ca-973c-c60bbd224edd
653	2022-07-30 23:56:10.898916+09	1b33650f-6a50-4cd6-90c0-4e7c768973b4	naokiyamaguchi0228@gmail.com	3		16	0a9293fc-133e-46ca-973c-c60bbd224edd
654	2022-07-31 04:56:17.500323+09	50694c8e-ac73-4c7e-b1e4-f3ed51b30ec7	naokiyamaguchi0228@gmail.com	3		16	0a9293fc-133e-46ca-973c-c60bbd224edd
655	2022-07-31 04:56:17.524811+09	e4e7ed62-e14c-4f54-bcd6-b3c87d23367c	naoki.228@icloud.com	3		16	0a9293fc-133e-46ca-973c-c60bbd224edd
656	2022-07-31 05:20:13.410877+09	3905e3f4-96de-4947-9971-7df5596fa1f2	naokiyamaguchi0228@gmail.com	3		16	0a9293fc-133e-46ca-973c-c60bbd224edd
657	2022-07-31 05:20:38.465958+09	29fa49bf-22a5-42c7-983d-b58ebaf84a78	naokiyamaguchi0228@gmail.com	3		16	0a9293fc-133e-46ca-973c-c60bbd224edd
658	2022-07-31 05:40:13.278074+09	94f8e5ad-684c-43fe-b934-885dc715bdd5	naokiyamaguchi0228@gmail.com	3		16	0a9293fc-133e-46ca-973c-c60bbd224edd
659	2022-07-31 05:52:59.081695+09	95756bd3-cbf6-442d-8dcd-81e5c45aa807	naokiyamaguchi0228@gmail.com	3		16	0a9293fc-133e-46ca-973c-c60bbd224edd
660	2022-07-31 06:30:21.23224+09	ef34c893-8646-483d-ac59-3fe797557fd6	naokiyamaguchi0228@gmail.com	3		16	0a9293fc-133e-46ca-973c-c60bbd224edd
661	2022-08-06 20:14:55.571012+09	5e40a614-1456-4b14-ad30-07bd628b1d58		1	[{"added": {}}]	46	0a9293fc-133e-46ca-973c-c60bbd224edd
662	2022-08-06 20:19:16.737723+09	6		2	[{"changed": {"fields": ["Category name", "Type"]}}]	15	0a9293fc-133e-46ca-973c-c60bbd224edd
663	2022-08-08 02:17:46.614479+09	9	vest	3		15	0a9293fc-133e-46ca-973c-c60bbd224edd
664	2022-08-08 02:17:46.639215+09	8		3		15	0a9293fc-133e-46ca-973c-c60bbd224edd
665	2022-08-08 02:17:46.654019+09	7		3		15	0a9293fc-133e-46ca-973c-c60bbd224edd
666	2022-08-08 02:17:46.66355+09	6		3		15	0a9293fc-133e-46ca-973c-c60bbd224edd
667	2022-08-08 02:17:46.673251+09	5		3		15	0a9293fc-133e-46ca-973c-c60bbd224edd
668	2022-08-08 02:17:46.68216+09	4		3		15	0a9293fc-133e-46ca-973c-c60bbd224edd
669	2022-08-08 02:17:46.690817+09	3		3		15	0a9293fc-133e-46ca-973c-c60bbd224edd
670	2022-08-08 02:17:46.699737+09	2		3		15	0a9293fc-133e-46ca-973c-c60bbd224edd
671	2022-08-08 02:17:46.709224+09	1		3		15	0a9293fc-133e-46ca-973c-c60bbd224edd
672	2022-08-08 02:18:30.465467+09	5e40a614-1456-4b14-ad30-07bd628b1d58		3		46	0a9293fc-133e-46ca-973c-c60bbd224edd
673	2022-08-08 02:55:36.635819+09	606ea458-1e82-4da6-93a0-c8f7e9cdacad		1	[{"added": {}}]	46	0a9293fc-133e-46ca-973c-c60bbd224edd
674	2022-08-08 02:56:11.792262+09	10	T	1	[{"added": {}}]	15	0a9293fc-133e-46ca-973c-c60bbd224edd
675	2022-08-08 02:56:41.95399+09	11		1	[{"added": {}}]	15	0a9293fc-133e-46ca-973c-c60bbd224edd
676	2022-08-08 02:59:29.562513+09	63449973-7c95-4067-9234-3b0f2e6c4609		1	[{"added": {}}]	46	0a9293fc-133e-46ca-973c-c60bbd224edd
677	2022-08-08 03:01:33.96126+09	61758b95-35c6-42a7-96ea-65bb38138205		1	[{"added": {}}]	46	0a9293fc-133e-46ca-973c-c60bbd224edd
678	2022-08-08 03:01:59.150717+09	026f3982-eb5d-44f5-8624-44b7f8f734cc		1	[{"added": {}}]	46	0a9293fc-133e-46ca-973c-c60bbd224edd
679	2022-08-08 03:02:21.887309+09	1ef39334-969b-4c1a-b8ea-769858fca964		1	[{"added": {}}]	46	0a9293fc-133e-46ca-973c-c60bbd224edd
680	2022-08-08 03:02:44.747779+09	a671614d-1512-41ea-9e24-944e7a8b2b04		1	[{"added": {}}]	46	0a9293fc-133e-46ca-973c-c60bbd224edd
681	2022-08-08 03:04:44.000715+09	d3091751-fd42-4f42-891c-3cd416045470		1	[{"added": {}}]	46	0a9293fc-133e-46ca-973c-c60bbd224edd
682	2022-08-08 03:05:06.453971+09	1c259c3f-26e1-4e66-aa53-0ca13301470a		1	[{"added": {}}]	46	0a9293fc-133e-46ca-973c-c60bbd224edd
683	2022-08-08 03:05:46.576707+09	e974dbd0-d905-461d-971c-88e6f82ee894		1	[{"added": {}}]	46	0a9293fc-133e-46ca-973c-c60bbd224edd
684	2022-08-08 03:07:08.092503+09	490f5194-fcfe-4cdd-b11a-a449e254cde2		1	[{"added": {}}]	46	0a9293fc-133e-46ca-973c-c60bbd224edd
685	2022-08-08 03:07:28.394738+09	e55d1ea6-d2a0-45c3-8b7f-0950baf963a7		1	[{"added": {}}]	46	0a9293fc-133e-46ca-973c-c60bbd224edd
686	2022-08-08 03:07:55.19539+09	bcac6df1-0dbb-419e-b9ab-cf82770c07e1		1	[{"added": {}}]	46	0a9293fc-133e-46ca-973c-c60bbd224edd
687	2022-08-08 03:08:25.06436+09	606f0e5b-58f4-4bd3-8bbf-d95196d6eb30		1	[{"added": {}}]	46	0a9293fc-133e-46ca-973c-c60bbd224edd
688	2022-08-08 03:20:19.677507+09	12		1	[{"added": {}}]	15	0a9293fc-133e-46ca-973c-c60bbd224edd
689	2022-08-08 03:20:54.898049+09	13		1	[{"added": {}}]	15	0a9293fc-133e-46ca-973c-c60bbd224edd
690	2022-08-08 03:22:27.526402+09	14		1	[{"added": {}}]	15	0a9293fc-133e-46ca-973c-c60bbd224edd
691	2022-08-08 03:22:32.355919+09	14		2	[{"changed": {"fields": ["Type"]}}]	15	0a9293fc-133e-46ca-973c-c60bbd224edd
692	2022-08-08 03:23:03.628641+09	15		1	[{"added": {}}]	15	0a9293fc-133e-46ca-973c-c60bbd224edd
693	2022-08-08 03:23:57.147897+09	16		1	[{"added": {}}]	15	0a9293fc-133e-46ca-973c-c60bbd224edd
694	2022-08-08 03:24:46.665156+09	17		1	[{"added": {}}]	15	0a9293fc-133e-46ca-973c-c60bbd224edd
695	2022-08-08 03:26:52.865571+09	18		1	[{"added": {}}]	15	0a9293fc-133e-46ca-973c-c60bbd224edd
696	2022-08-08 05:26:08.923078+09	714f941c-d1e6-4939-b7ee-831714896692	yoji yamamoto 2003ss  T-shirt	2	[{"changed": {"fields": ["Category"]}}]	21	0a9293fc-133e-46ca-973c-c60bbd224edd
697	2022-08-09 03:02:43.917037+09	19		1	[{"added": {}}]	15	0a9293fc-133e-46ca-973c-c60bbd224edd
698	2022-08-09 03:02:47.241043+09	f67d50da-a43b-4e4d-80ac-1d64b012dfcb	a.p.c rabit far bulson	2	[{"changed": {"fields": ["Category"]}}]	21	0a9293fc-133e-46ca-973c-c60bbd224edd
699	2022-08-09 03:03:29.820422+09	20		1	[{"added": {}}]	15	0a9293fc-133e-46ca-973c-c60bbd224edd
700	2022-08-09 03:03:32.456296+09	e4c562b3-dfbf-40c7-9ddb-93517f06a723	junya watanabe	2	[{"changed": {"fields": ["Category"]}}]	21	0a9293fc-133e-46ca-973c-c60bbd224edd
701	2022-08-09 03:04:29.61618+09	21		1	[{"added": {}}]	15	0a9293fc-133e-46ca-973c-c60bbd224edd
702	2022-08-09 03:04:38.869523+09	e0ad8fac-79d3-40d8-9663-8b3ba72dc4a2	calvinklein	2	[{"changed": {"fields": ["Rating", "Category"]}}]	21	0a9293fc-133e-46ca-973c-c60bbd224edd
703	2022-08-09 03:35:25.694832+09	6caa14f1-b88e-48bf-a496-f23e2bddbd2d	celine	2	[{"changed": {"fields": ["Category"]}}]	21	0a9293fc-133e-46ca-973c-c60bbd224edd
704	2022-08-10 03:43:56.434158+09	444ddac8-45a3-4350-b60f-82f920d5b9a4		1	[{"added": {}}]	46	0a9293fc-133e-46ca-973c-c60bbd224edd
705	2022-08-10 04:04:46.036499+09	1c259c3f-26e1-4e66-aa53-0ca13301470a		2	[{"changed": {"fields": ["Category name"]}}]	46	0a9293fc-133e-46ca-973c-c60bbd224edd
706	2022-08-10 04:04:58.649877+09	e55d1ea6-d2a0-45c3-8b7f-0950baf963a7		2	[{"changed": {"fields": ["Category name"]}}]	46	0a9293fc-133e-46ca-973c-c60bbd224edd
707	2022-08-10 04:06:49.734733+09	e974dbd0-d905-461d-971c-88e6f82ee894		2	[]	46	0a9293fc-133e-46ca-973c-c60bbd224edd
708	2022-08-10 04:06:59.805735+09	bcac6df1-0dbb-419e-b9ab-cf82770c07e1		2	[]	46	0a9293fc-133e-46ca-973c-c60bbd224edd
709	2022-08-10 04:07:13.214876+09	606f0e5b-58f4-4bd3-8bbf-d95196d6eb30		3		46	0a9293fc-133e-46ca-973c-c60bbd224edd
710	2022-08-10 04:07:20.427712+09	444ddac8-45a3-4350-b60f-82f920d5b9a4		2	[]	46	0a9293fc-133e-46ca-973c-c60bbd224edd
711	2022-08-10 04:07:48.69852+09	401baf87-0641-4ed1-9c33-ade68183fa64		1	[{"added": {}}]	46	0a9293fc-133e-46ca-973c-c60bbd224edd
\.


--
-- Data for Name: django_content_type; Type: TABLE DATA; Schema: public; Owner: enclopedia_administrator
--

COPY public.django_content_type (id, app_label, model) FROM stdin;
1	admin	logentry
2	auth	permission
3	auth	group
4	contenttypes	contenttype
5	sessions	session
6	token_blacklist	blacklistedtoken
7	token_blacklist	outstandingtoken
8	sites	site
9	account	emailaddress
10	account	emailconfirmation
11	socialaccount	socialaccount
12	socialaccount	socialapp
13	socialaccount	socialtoken
14	category	brand
15	category	category
16	user	account
17	user	profile
18	user	credit
19	user	adress
20	product	price
21	product	product
22	product	reviewrating
23	product	shipping
24	product	tag
25	product	variation
26	product	size
27	product	reviewratinggallery
28	product	imagegallary
29	reservation	reservation
30	reservation	reservationitem
31	subscription	stripeaccount
32	account_history	researchhistory
33	account_history	favorite
34	django_rest_passwordreset	resetpasswordtoken
35	closet	closet
36	closet	cloth
37	cart	cart
38	cart	cartitem
39	notification	news
40	notification	read
41	notification	notification
42	user	emailsubscribe
43	analytics	featured
44	analytics	featuredbrand
45	analytics	cartadditem
46	category	type
\.


--
-- Data for Name: django_migrations; Type: TABLE DATA; Schema: public; Owner: enclopedia_administrator
--

COPY public.django_migrations (id, app, name, applied) FROM stdin;
1	user	0001_initial	2022-02-28 19:54:13.966216+09
2	account	0001_initial	2022-02-28 19:54:13.99033+09
3	account	0002_email_max_length	2022-02-28 19:54:14.003017+09
4	category	0001_initial	2022-02-28 19:54:14.019496+09
5	product	0001_initial	2022-02-28 19:54:14.182421+09
6	account_history	0001_initial	2022-02-28 19:54:14.238284+09
7	contenttypes	0001_initial	2022-02-28 19:54:14.246971+09
8	admin	0001_initial	2022-02-28 19:54:14.275746+09
9	admin	0002_logentry_remove_auto_add	2022-02-28 19:54:14.287648+09
10	admin	0003_logentry_add_action_flag_choices	2022-02-28 19:54:14.299479+09
11	contenttypes	0002_remove_content_type_name	2022-02-28 19:54:14.327239+09
12	auth	0001_initial	2022-02-28 19:54:14.397464+09
13	auth	0002_alter_permission_name_max_length	2022-02-28 19:54:14.419205+09
14	auth	0003_alter_user_email_max_length	2022-02-28 19:54:14.425914+09
15	auth	0004_alter_user_username_opts	2022-02-28 19:54:14.433271+09
16	auth	0005_alter_user_last_login_null	2022-02-28 19:54:14.445681+09
17	auth	0006_require_contenttypes_0002	2022-02-28 19:54:14.448208+09
18	auth	0007_alter_validators_add_error_messages	2022-02-28 19:54:14.455123+09
19	auth	0008_alter_user_username_max_length	2022-02-28 19:54:14.46363+09
20	auth	0009_alter_user_last_name_max_length	2022-02-28 19:54:14.473286+09
21	auth	0010_alter_group_name_max_length	2022-02-28 19:54:14.499201+09
22	auth	0011_update_proxy_permissions	2022-02-28 19:54:14.520434+09
23	auth	0012_alter_user_first_name_max_length	2022-02-28 19:54:14.528326+09
24	cart	0001_initial	2022-02-28 19:54:14.587647+09
25	closet	0001_initial	2022-02-28 19:54:14.662134+09
26	django_rest_passwordreset	0001_initial	2022-02-28 19:54:14.697802+09
27	django_rest_passwordreset	0002_pk_migration	2022-02-28 19:54:14.770535+09
28	django_rest_passwordreset	0003_allow_blank_and_null_fields	2022-02-28 19:54:14.796656+09
29	notification	0001_initial	2022-02-28 19:54:14.874057+09
30	reservation	0001_initial	2022-02-28 19:54:14.987795+09
31	sessions	0001_initial	2022-02-28 19:54:14.99594+09
32	sites	0001_initial	2022-02-28 19:54:15.002615+09
33	sites	0002_alter_domain_unique	2022-02-28 19:54:15.010447+09
34	socialaccount	0001_initial	2022-02-28 19:54:15.112908+09
35	socialaccount	0002_token_max_lengths	2022-02-28 19:54:15.143152+09
36	socialaccount	0003_extra_data_default_dict	2022-02-28 19:54:15.159071+09
37	subscription	0001_initial	2022-02-28 19:54:15.19373+09
38	token_blacklist	0001_initial	2022-02-28 19:54:15.268712+09
39	token_blacklist	0002_outstandingtoken_jti_hex	2022-02-28 19:54:15.284504+09
40	token_blacklist	0003_auto_20171017_2007	2022-02-28 19:54:15.315222+09
41	token_blacklist	0004_auto_20171017_2013	2022-02-28 19:54:15.333328+09
42	token_blacklist	0005_remove_outstandingtoken_jti	2022-02-28 19:54:15.35058+09
43	token_blacklist	0006_auto_20171017_2113	2022-02-28 19:54:15.367627+09
44	token_blacklist	0007_auto_20171017_2214	2022-02-28 19:54:15.415329+09
45	token_blacklist	0008_migrate_to_bigautofield	2022-02-28 19:54:15.471293+09
46	token_blacklist	0010_fix_migrate_to_bigautofield	2022-02-28 19:54:15.514394+09
47	token_blacklist	0011_linearizes_history	2022-02-28 19:54:15.516719+09
48	category	0002_remove_category_slug	2022-02-28 20:25:19.681879+09
49	product	0002_alter_product_id	2022-02-28 23:19:50.107274+09
50	product	0003_alter_product_id	2022-03-01 07:49:10.848411+09
51	user	0002_delete_credit	2022-03-03 19:33:22.42234+09
52	user	0003_adress_phonenubmer	2022-03-04 12:52:41.236018+09
53	user	0004_alter_adress_phonenubmer	2022-03-04 16:56:53.940909+09
54	user	0005_alter_adress_phonenubmer	2022-03-04 17:29:17.81237+09
55	notification	0002_alter_read_account	2022-03-12 11:27:01.856878+09
56	subscription	0002_alter_stripeaccount_user_id	2022-03-12 11:27:01.892547+09
57	reservation	0002_rename_reservation_reservationitem_reservation_product	2022-03-16 13:11:48.440545+09
58	product	0004_auto_20220317_1702	2022-03-17 17:02:37.789102+09
59	product	0005_auto_20220317_1703	2022-03-17 17:04:03.538552+09
60	product	0006_alter_product_price	2022-03-17 17:05:20.795161+09
61	product	0007_alter_product_price	2022-03-17 17:09:20.194521+09
62	reservation	0003_rename_reservation_product_reservationitem_reservation	2022-03-18 01:10:31.570208+09
63	reservation	0004_auto_20220318_1946	2022-03-18 19:46:26.3149+09
64	reservation	0004_auto_20220318_1950	2022-03-18 19:50:59.240512+09
65	product	0008_remove_imagegallary_thumbnail	2022-03-22 19:18:12.019239+09
66	notification	0003_auto_20220323_1213	2022-03-23 12:13:09.192904+09
67	user	0006_emailsubscribe	2022-04-01 22:15:36.17665+09
68	user	0007_rename_email_subscirbe_emailsubscribe_user	2022-04-02 00:03:03.451357+09
69	reservation	0005_alter_reservationitem_reservation	2022-04-08 19:59:28.339768+09
70	reservation	0006_alter_reservationitem_reservation	2022-04-09 00:27:37.116067+09
71	account_history	0002_delete_researchhistory	2022-04-09 22:14:47.969632+09
72	user	0008_rename_phonenubmer_adress_phonenumber	2022-04-17 04:26:49.019775+09
73	product	0009_alter_variation_variation_value	2022-05-07 14:39:41.244104+09
74	product	0010_alter_variation_variation_value	2022-05-07 15:04:40.653661+09
75	product	0011_alter_variation_variation_value	2022-05-07 15:23:13.068132+09
76	product	0012_auto_20220507_1658	2022-05-07 16:58:14.644962+09
77	subscription	0003_remove_stripeaccount_plan_id	2022-05-09 21:42:30.464294+09
78	subscription	0004_stripeaccount_plan_id	2022-05-11 17:09:15.414109+09
79	product	0013_alter_product_gender	2022-05-24 02:40:41.874434+09
80	product	0014_alter_product_gender	2022-05-24 03:37:49.624474+09
81	notification	0004_alter_notification_user	2022-06-04 02:26:52.617909+09
82	analytics	0001_initial	2022-06-27 21:11:24.683095+09
83	analytics	0002_featuredbrand	2022-06-28 05:22:53.506795+09
84	analytics	0003_cardadditem	2022-06-29 18:52:06.337599+09
85	analytics	0004_rename_cardadditem_cartadditem	2022-06-29 18:56:36.142993+09
86	reservation	0007_alter_reservationitem_reservation	2022-07-30 23:42:40.619054+09
87	reservation	0008_alter_reservationitem_reservation	2022-07-30 23:42:40.653152+09
88	reservation	0009_alter_reservationitem_reservation	2022-07-30 23:42:40.682524+09
89	reservation	0010_alter_reservationitem_reservation	2022-07-30 23:42:40.71079+09
90	user	0009_alter_account_is_active	2022-07-30 23:42:40.725294+09
91	category	0003_auto_20220806_1916	2022-08-06 19:16:41.596067+09
92	category	0004_auto_20220806_2046	2022-08-06 20:46:31.524603+09
93	category	0005_alter_type_id	2022-08-08 02:09:47.668617+09
94	category	0006_alter_category_type	2022-08-08 02:14:33.672234+09
95	category	0007_alter_category_type	2022-08-08 02:17:26.207592+09
96	product	0015_auto_20220808_0217	2022-08-08 02:17:26.268347+09
\.


--
-- Data for Name: django_rest_passwordreset_resetpasswordtoken; Type: TABLE DATA; Schema: public; Owner: enclopedia_administrator
--

COPY public.django_rest_passwordreset_resetpasswordtoken (created_at, key, ip_address, user_agent, user_id, id) FROM stdin;
2022-04-12 23:36:47.180572+09	ffa24cf4529fc0ed47a9ea8	127.0.0.1	Mozilla/5.0 (Macintosh; Intel Mac OS X 10_15_7) AppleWebKit/537.36 (KHTML, like Gecko) Chrome/100.0.4896.88 Safari/537.36	0a9293fc-133e-46ca-973c-c60bbd224edd	1
\.


--
-- Data for Name: django_session; Type: TABLE DATA; Schema: public; Owner: enclopedia_administrator
--

COPY public.django_session (session_key, session_data, expire_date) FROM stdin;
oqq4t7bo9s7b7s9l638hpp9eoji9eui8	.eJxVjDkOgzAUBe_iOli2vzF2yvQ5A_obIYtAYqmi3D0gUSTVK2bmvU2L69K366xTexdzNg5LKNBx5QG0iomxKg1wxckRSQhRRczpNyPkpw57Kw8cbqPlcVimO9ldsQed7XUUfV0O9--gx7nfagYXixZNufNAEjWqUvKqWjeBMAfJBJqZsDhF2tYJSUZ1UEMTvfl8AVVXQt8:1nOdh1:SXgValOk1CG5ltS01SVlN2hf-pZh9Vr3yEvHv56VRN8	2022-03-14 19:55:51.820117+09
efrxctic8cz42ch3gay5cr9x9q4m5vho	.eJxVjDkOgzAUBe_iOli2vzF2yvQ5A_obIYtAYqmi3D0gUSTVK2bmvU2L69K366xTexdzNg5LKNBx5QG0iomxKg1wxckRSQhRRczpNyPkpw57Kw8cbqPlcVimO9ldsQed7XUUfV0O9--gx7nfagYXixZNufNAEjWqUvKqWjeBMAfJBJqZsDhF2tYJSUZ1UEMTvfl8AVVXQt8:1nQH4i:x98U67QgjgABodfTDLgUXGNPFx5Uo6o0HE1GCeiiVYE	2022-03-19 08:11:04.483847+09
se4i26ck3k4uhii14qf4nkvze2dwycda	.eJxVjDkOgzAUBe_iOli2vzF2yvQ5A_obIYtAYqmi3D0gUSTVK2bmvU2L69K366xTexdzNg5LKNBx5QG0iomxKg1wxckRSQhRRczpNyPkpw57Kw8cbqPlcVimO9ldsQed7XUUfV0O9--gx7nfagYXixZNufNAEjWqUvKqWjeBMAfJBJqZsDhF2tYJSUZ1UEMTvfl8AVVXQt8:1nRFto:7oLt4Y_z5fSKPvevQFAupGy0g_1dpsjnX2l1mW0iRV4	2022-03-22 01:07:52.421996+09
f6t7463d5xnpev81xbzi3ueepdy24xoq	.eJxVjDkOgzAUBe_iOli2vzF2yvQ5A_obIYtAYqmi3D0gUSTVK2bmvU2L69K366xTexdzNg5LKNBx5QG0iomxKg1wxckRSQhRRczpNyPkpw57Kw8cbqPlcVimO9ldsQed7XUUfV0O9--gx7nfagYXixZNufNAEjWqUvKqWjeBMAfJBJqZsDhF2tYJSUZ1UEMTvfl8AVVXQt8:1nRZcb:eVQERpxRQwf382ckNlHpF40y4Xz-B6BcaqV1QJnlYs4	2022-03-22 22:11:25.981124+09
ih2whyl00cvzuzf6r9177qymtytscg4n	.eJxVjDkOgzAUBe_iOli2vzF2yvQ5A_obIYtAYqmi3D0gUSTVK2bmvU2L69K366xTexdzNg5LKNBx5QG0iomxKg1wxckRSQhRRczpNyPkpw57Kw8cbqPlcVimO9ldsQed7XUUfV0O9--gx7nfagYXixZNufNAEjWqUvKqWjeBMAfJBJqZsDhF2tYJSUZ1UEMTvfl8AVVXQt8:1nTxwT:OmW2JcY30BBDjG5eFsetYYVee8Bf-SbAHy-xxPdBv_c	2022-03-29 12:33:49.360104+09
yg0fz6jx546con5vxamyl3dh7ivfva3v	.eJxVjDkOgzAUBe_iOli2vzF2yvQ5A_obIYtAYqmi3D0gUSTVK2bmvU2L69K366xTexdzNg5LKNBx5QG0iomxKg1wxckRSQhRRczpNyPkpw57Kw8cbqPlcVimO9ldsQed7XUUfV0O9--gx7nfagYXixZNufNAEjWqUvKqWjeBMAfJBJqZsDhF2tYJSUZ1UEMTvfl8AVVXQt8:1nUkCW:KsPeb-wXxPcXIHDpu8kBik6v38eYFxsPcr484HxGPio	2022-03-31 16:05:36.135657+09
1swmhh0eixyeerp71jet5k90hor95sp2	.eJxVjDkOgzAUBe_iOli2vzF2yvQ5A_obIYtAYqmi3D0gUSTVK2bmvU2L69K366xTexdzNg5LKNBx5QG0iomxKg1wxckRSQhRRczpNyPkpw57Kw8cbqPlcVimO9ldsQed7XUUfV0O9--gx7nfagYXixZNufNAEjWqUvKqWjeBMAfJBJqZsDhF2tYJSUZ1UEMTvfl8AVVXQt8:1nWxgw:pufqMHpYOYsnwYVpu_dglIG02X_a7ALBSvQcp0qSbWE	2022-04-06 18:54:10.90659+09
q31gf6x37hpw93gf9gnr05igb8sc1qmd	.eJxVjDkOgzAUBe_iOli2vzF2yvQ5A_obIYtAYqmi3D0gUSTVK2bmvU2L69K366xTexdzNg5LKNBx5QG0iomxKg1wxckRSQhRRczpNyPkpw57Kw8cbqPlcVimO9ldsQed7XUUfV0O9--gx7nfagYXixZNufNAEjWqUvKqWjeBMAfJBJqZsDhF2tYJSUZ1UEMTvfl8AVVXQt8:1ncSnI:vuilaY25OEozZj5RGzsIKI5kOu8TVc54MkcGXoHAdYI	2022-04-21 23:07:28.981988+09
bewbjrdj8ieospi0ayjoztiam5crz3bu	.eJxVjDkOgzAUBe_iOli2vzF2yvQ5A_obIYtAYqmi3D0gUSTVK2bmvU2L69K366xTexdzNg5LKNBx5QG0iomxKg1wxckRSQhRRczpNyPkpw57Kw8cbqPlcVimO9ldsQed7XUUfV0O9--gx7nfagYXixZNufNAEjWqUvKqWjeBMAfJBJqZsDhF2tYJSUZ1UEMTvfl8AVVXQt8:1ndYSU:kW0yW2Lr97jzrUYhTSdpd9EZWr09lpoKksCtDCyarqU	2022-04-24 23:22:30.2795+09
yzkx2n9t3b9zre8nvvl04z28k4sy2a20	.eJyVVGtz6jYQ_SutP2Pi9yMznSmENL2Q5CbkUdJOR7OS1kZgbMeSASfDf78ymAy5fUz7CbR7ztnV2ZXfDQK1mpNaYkUEN84NC2IndhNm2q6LphcwMOPQZSYLLEq543jIudE7pVFgS8xbLl9AnhZ9VuSqErTfQvpdVvZvCo7ZsMN-EpiDnGs2cy0vxhiDKLFdyj30EGlgI6IfOhQih0fUxYhRiC0Eqn8tTnkEaLm-G3q2FpUFE5ABY0WdK3I4ZUUqcuP83ejC7d_2pnmdZT3j4-KHY1kVa8Gx0u2kRZFmqEXrvS-27QdxEEaxFcVe7HiBE3iWzmYgFelqHDQ4KCSLQuT4IYtbVQHRCThW_0c9XIHIdD6HYikaWEFas7mwHCf6OW1T2t2Vhq2xEolATjq8qmrsadIKj9wfPsganoo15uQ0rYMJrETWHKOn8FIwVVdtdK5UKc_PzrK52z840jrWThhz1fZyBmeDweNsMN5ezB5gS2gk49lmOkuC8jmK_am4-oV6L7EznI3u3Uv6k4wDk7W-FQyytsICjN3uMIjWnBKk3BRVa9GPyWty6S1CGbLXi_my8PmW4jgZTp43L5Pm60PlZ4Xl3I6utdzeU4TAZR4LTJt6jum5DE2gYWCGjh_aUegHPGpXLxGVntl3Zuzn-DdWtH114f8-nXbS363AX_dESAJ81Z4TyCTuA1JBkpwGgCk9uk-QusTqlKjN0zSlQe-7rkMtzCuUEqVx_se_rPv_XLbjmpWVWEHVHI67P3uGKvSr_vywoCz3heze8eGd1O3w2mgn7g-swbTicEMe6ZvJ_Gb61JjyLXTurl_rZuoIGg6yq7dwfWmTx5f5b_x-_LRqhFMX4SQcPNxvhy7fLNJlWo-Hyomyi3FQlnB3ay4SXscTnxB3OBTWcv34cD26Vl-I93R3YyXOxiT4kl6OSijKL3k--JpNn3-1bsNmshnZT_qbIqKri99HRtctkcgqVN0abEuh_SWgDjfa7XbfAFQJwWM:1ndbFa:mpa3Xaplrs0bcxuLavVGtFTsbvN94WP5oErHsd06zZw	2022-04-25 02:21:22.019692+09
09y0t52ttyrd0fokgptmg43xocd4nxzh	.eJxVzMsOwiAQheF3YS2EDgxQl-59hmaAGVs1bdLLyvju2qQLXZ__Oy_V0bb23bbw3A1VnZUQILL1WtoGtC8ZdSIbdBAA1xZynpM6_bJM5cHjbuudxttkyjSu85DNnphjXcx1qvy8HO3fQU9L_9XsA0dCRPKSXLYEsWCJElwEsc5m31QRa12S5INwTYEBIdiMLdSC6v0B0HZAuA:1ndbhV:vF1qA2xyf0_PzMOkIvNy7_2layaFLkUdHVlffw2reh0	2022-04-25 02:50:13.582454+09
hqx3ynn0d1c4kqivdkbge48qda3y4g09	.eJxVzMsOwiAQheF3YS2EDgxQl-59hmaAGVs1bdLLyvju2qQLXZ__Oy_V0bb23bbw3A1VnZUQILL1WtoGtC8ZdSIbdBAA1xZynpM6_bJM5cHjbuudxttkyjSu85DNnphjXcx1qvy8HO3fQU9L_9XsA0dCRPKSXLYEsWCJElwEsc5m31QRa12S5INwTYEBIdiMLdSC6v0B0HZAuA:1ndbk6:oK2LJjG5LS3FOIhR-mZP5m5zqlweH0GHvmeGEwgzdKo	2022-04-25 02:52:54.382441+09
kkm9mi1vgnjhtbal6sqitvxwa29j1ai8	.eJxVzMsOwiAQheF3YS2EDgxQl-59hmaAGVs1bdLLyvju2qQLXZ__Oy_V0bb23bbw3A1VnZUQILL1WtoGtC8ZdSIbdBAA1xZynpM6_bJM5cHjbuudxttkyjSu85DNnphjXcx1qvy8HO3fQU9L_9XsA0dCRPKSXLYEsWCJElwEsc5m31QRa12S5INwTYEBIdiMLdSC6v0B0HZAuA:1ndblv:hGOY3b923ZUVpCH21_QJ8VB2okLQLmY4extyTHSrG0E	2022-04-25 02:54:47.285729+09
5s6e42j8dh1hpvx520by15t8p1lv7wsq	.eJxVzMsOwiAQheF3YS2EDgxQl-59hmaAGVs1bdLLyvju2qQLXZ__Oy_V0bb23bbw3A1VnZUQILL1WtoGtC8ZdSIbdBAA1xZynpM6_bJM5cHjbuudxttkyjSu85DNnphjXcx1qvy8HO3fQU9L_9XsA0dCRPKSXLYEsWCJElwEsc5m31QRa12S5INwTYEBIdiMLdSC6v0B0HZAuA:1ndbm9:bfgcPd98rKOz4AMkf1n089Ey6Srq8HG0veVZray4y2g	2022-04-25 02:55:01.767947+09
6a27f3gy4o88i4az3cvd4mssigkho2qr	.eJxVzMsOwiAQheF3YS2EDgxQl-59hmaAGVs1bdLLyvju2qQLXZ__Oy_V0bb23bbw3A1VnZUQILL1WtoGtC8ZdSIbdBAA1xZynpM6_bJM5cHjbuudxttkyjSu85DNnphjXcx1qvy8HO3fQU9L_9XsA0dCRPKSXLYEsWCJElwEsc5m31QRa12S5INwTYEBIdiMLdSC6v0B0HZAuA:1ndbna:15Ji8HzizaAlFpMmNSqW_gMg7BGb1Haj9PwjTcDJ0pg	2022-04-25 02:56:30.211691+09
x4w8vmhkslen36f4dxbwogacmu4ah6ea	.eJxVzMsOwiAQheF3YS2EDgxQl-59hmaAGVs1bdLLyvju2qQLXZ__Oy_V0bb23bbw3A1VnZUQILL1WtoGtC8ZdSIbdBAA1xZynpM6_bJM5cHjbuudxttkyjSu85DNnphjXcx1qvy8HO3fQU9L_9XsA0dCRPKSXLYEsWCJElwEsc5m31QRa12S5INwTYEBIdiMLdSC6v0B0HZAuA:1ndbvf:qL8WAO0f9TnLwexk1NUCj5Rbzs-GqodwtaCSmhG6S6k	2022-04-25 03:04:51.826182+09
r302htib9lr4cw4hqojcbbj6nwfjhr0g	.eJxVzMsOwiAQheF3YS2EDgxQl-59hmaAGVs1bdLLyvju2qQLXZ__Oy_V0bb23bbw3A1VnZUQILL1WtoGtC8ZdSIbdBAA1xZynpM6_bJM5cHjbuudxttkyjSu85DNnphjXcx1qvy8HO3fQU9L_9XsA0dCRPKSXLYEsWCJElwEsc5m31QRa12S5INwTYEBIdiMLdSC6v0B0HZAuA:1ndc7R:yI1berFG5V54ZRLQci8BZPN5Wuh_5o-vFMjZuAgDPnk	2022-04-25 03:17:01.058553+09
xd8t0cu38vr6b1vg22tea291ohbkc1oy	.eJxVzMsOwiAQheF3YS2EDgxQl-59hmaAGVs1bdLLyvju2qQLXZ__Oy_V0bb23bbw3A1VnZUQILL1WtoGtC8ZdSIbdBAA1xZynpM6_bJM5cHjbuudxttkyjSu85DNnphjXcx1qvy8HO3fQU9L_9XsA0dCRPKSXLYEsWCJElwEsc5m31QRa12S5INwTYEBIdiMLdSC6v0B0HZAuA:1ndcal:9suvVgWl4WVvvgelktxQsPryCHjF6Nz7yjBYRyWF-1k	2022-04-25 03:47:19.1612+09
0yv9o6n6qdnjptn3d3ye5mkxe943z4lu	.eJxVjEsOgzAMBe-SdYlCbBLcZfc9A3LspPQjkPisqt69ILFot29m3tt0vC59t8556u5qzsYxeYIiVQ2QKwzCFUWQSoJLSb3HrGpOv1lieeZhb_XBw220Mg7LdE92V-xBZ3sdNb8uh_t30PPcb7VE8IiEXDw1QqGVBNsGSs61yKyZYkDviiulNEwZUozB1dCQIrW1-XwBEWBAxQ:1nflcZ:WVcAvFudZ9-isHNaCGFUrqyRfuwkzjsddDNMVSyDDw4	2022-05-01 01:50:03.776598+09
8cpn7t0a647oq0kufiejvmq52mu22cgy	.eJxVzMsOwiAQheF3YS2EDgxQl-59hmaAGVs1bdLLyvju2qQLXZ__Oy_V0bb23bbw3A1VnZUQILL1WtoGtC8ZdSIbdBAA1xZynpM6_bJM5cHjbuudxttkyjSu85DNnphjXcx1qvy8HO3fQU9L_9XsA0dCRPKSXLYEsWCJElwEsc5m31QRa12S5INwTYEBIdiMLdSC6v0B0HZAuA:1nfm7g:rblPpa1iQmPOYEbFm6T0wdSPC7sZdb4wxj6ZSoWINBs	2022-05-01 02:22:12.677653+09
8c2thtl9af2ztawgst08rt6vm8egu8vb	.eJxVjEsOgzAMBe-SdYlCbBLcZfc9A3LspPQjkPisqt69ILFot29m3tt0vC59t8556u5qzsYxeYIiVQ2QKwzCFUWQSoJLSb3HrGpOv1lieeZhb_XBw220Mg7LdE92V-xBZ3sdNb8uh_t30PPcb7VE8IiEXDw1QqGVBNsGSs61yKyZYkDviiulNEwZUozB1dCQIrW1-XwBEWBAxQ:1nfm7w:l-pWOCKVqXZo9bdm1hETyxGoKWEqpFtj6OFDinHITfY	2022-05-01 02:22:28.216167+09
ojp6eb9vz6dym81xhobah1h460nvjtsz	.eJxVjEsOgzAMBe-SdYlCbBLcZfc9A3LspPQjkPisqt69ILFot29m3tt0vC59t8556u5qzsYxeYIiVQ2QKwzCFUWQSoJLSb3HrGpOv1lieeZhb_XBw220Mg7LdE92V-xBZ3sdNb8uh_t30PPcb7VE8IiEXDw1QqGVBNsGSs61yKyZYkDviiulNEwZUozB1dCQIrW1-XwBEWBAxQ:1nj6tA:Dt3et2HBvkBO7kSpKffNI_VE2evCpTlEuv0HiPUOolo	2022-05-10 07:09:00.9569+09
an88ibeo4rh03ibvaxl8g42o7vu8l61d	.eJxVjEsOgzAMBe-SdYlCbBLcZfc9A3LspPQjkPisqt69ILFot29m3tt0vC59t8556u5qzsYxeYIiVQ2QKwzCFUWQSoJLSb3HrGpOv1lieeZhb_XBw220Mg7LdE92V-xBZ3sdNb8uh_t30PPcb7VE8IiEXDw1QqGVBNsGSs61yKyZYkDviiulNEwZUozB1dCQIrW1-XwBEWBAxQ:1nleIA:rhyuvq_k8LS6nN4dNDlLokx1v1St7HEXYYYG6DC8dDg	2022-05-17 07:13:18.02099+09
i4tw5kqmxnvs1fyffy4ss6pzgrsh3xyx	.eJxVjEsOgzAMBe-SdYlCbBLcZfc9A3LspPQjkPisqt69ILFot29m3tt0vC59t8556u5qzsYxeYIiVQ2QKwzCFUWQSoJLSb3HrGpOv1lieeZhb_XBw220Mg7LdE92V-xBZ3sdNb8uh_t30PPcb7VE8IiEXDw1QqGVBNsGSs61yKyZYkDviiulNEwZUozB1dCQIrW1-XwBEWBAxQ:1nnkkC:hWnJmr9MPnEK8fgnPigyi3sMELhnYGqPh12K-QuakQM	2022-05-23 02:30:56.08749+09
7yukr49e0jefjgmfz851w8ir2jx4tatd	.eJxVjEsOgzAMBe-SdYlCbBLcZfc9A3LspPQjkPisqt69ILFot29m3tt0vC59t8556u5qzsYxeYIiVQ2QKwzCFUWQSoJLSb3HrGpOv1lieeZhb_XBw220Mg7LdE92V-xBZ3sdNb8uh_t30PPcb7VE8IiEXDw1QqGVBNsGSs61yKyZYkDviiulNEwZUozB1dCQIrW1-XwBEWBAxQ:1noQVt:EzLbydjRbknOXCaYTIIxVcPQfUdDOF2pbpAgZG23Fh8	2022-05-24 23:06:57.165372+09
06uyk987u2ua0bquzypru2xfgi4xwzfk	.eJxVjEsOgzAMBe-SdYlCbBLcZfc9A3LspPQjkPisqt69ILFot29m3tt0vC59t8556u5qzsYxeYIiVQ2QKwzCFUWQSoJLSb3HrGpOv1lieeZhb_XBw220Mg7LdE92V-xBZ3sdNb8uh_t30PPcb7VE8IiEXDw1QqGVBNsGSs61yKyZYkDviiulNEwZUozB1dCQIrW1-XwBEWBAxQ:1nokIz:3wnIbkteLFFo1H8slhY-8D1IBEo-SqV3gRIA5CAfJdw	2022-05-25 20:14:57.92293+09
xwxvv6dapa30sio5ls2et76vnfkfiobi	.eJxVjEsOgzAMBe-SdYlCbBLcZfc9A3LspPQjkPisqt69ILFot29m3tt0vC59t8556u5qzsYxeYIiVQ2QKwzCFUWQSoJLSb3HrGpOv1lieeZhb_XBw220Mg7LdE92V-xBZ3sdNb8uh_t30PPcb7VE8IiEXDw1QqGVBNsGSs61yKyZYkDviiulNEwZUozB1dCQIrW1-XwBEWBAxQ:1nsTGr:udtnnw_SfxSEMUzKzR8o3VGmjmSeaETq5QYbUMpPl7Q	2022-06-05 02:52:09.577645+09
no97ndrkd2y429ymfofg0uyx2x0aqhxn	.eJxVjEsOgzAMBe-SdYlCbBLcZfc9A3LspPQjkPisqt69ILFot29m3tt0vC59t8556u5qzsYxeYIiVQ2QKwzCFUWQSoJLSb3HrGpOv1lieeZhb_XBw220Mg7LdE92V-xBZ3sdNb8uh_t30PPcb7VE8IiEXDw1QqGVBNsGSs61yKyZYkDviiulNEwZUozB1dCQIrW1-XwBEWBAxQ:1nvaul:umgwv1nl7mmjMr_Sm9XQAG21jSAHv5hyv688O1hOiYU	2022-06-13 17:38:15.747819+09
2mo22180vksven6w32fp2va756cxpqva	.eJxVjEsOgzAMBe-SdYlCbBLcZfc9A3LspPQjkPisqt69ILFot29m3tt0vC59t8556u5qzsYxeYIiVQ2QKwzCFUWQSoJLSb3HrGpOv1lieeZhb_XBw220Mg7LdE92V-xBZ3sdNb8uh_t30PPcb7VE8IiEXDw1QqGVBNsGSs61yKyZYkDviiulNEwZUozB1dCQIrW1-XwBEWBAxQ:1nx6CR:rUnNy5AvRONUcCA-LQ430jPGRmpTByRdcrVhfe3ikJI	2022-06-17 21:14:43.096367+09
1efrqqw5ewrtc4aqv4ffdi9zxkihff38	.eJxVzMsOwiAQheF3YS2EDgxQl-59hmaAGVs1bdLLyvju2qQLXZ__Oy_V0bb23bbw3A1VnZUQILL1WtoGtC8ZdSIbdBAA1xZynpM6_bJM5cHjbuudxttkyjSu85DNnphjXcx1qvy8HO3fQU9L_9XsA0dCRPKSXLYEsWCJElwEsc5m31QRa12S5INwTYEBIdiMLdSC6v0B0HZAuA:1nxAqD:95rYVruE3hFCfpgURoSpuGvy6NWN8WJao3jltAeH4Ng	2022-06-18 02:12:05.004145+09
5fho7eds2mbm7qimqb356fw5ceavohe5	.eJyVU2tv2jAU_StbPpMCztNIkwYrbWGlHbAyYJoi49jBkMTBdmhoxX-fA6Gje2n7Yvmee-7D514_G5JjhmKEMc9TFRytmEcsNVrPRgWXVxYarTSP45qRSyKCH2Ym-JaFRBgtI-I8iomhKaXbaDYdF7qeDxs-tCGwXeDaDe2NkVRBVeOYI0SKBCvOUvKSlhRKoEA70Kn6H_ORBLFY-1PE12yHEhTleMkaAPjvo9J1gXmiaVsiGGUkDCq-Ejmp6aCEnGLfvARresS2JA3O3RqkKGHx7oSe0zOGVS5KdKlUJlv1ery0Lo6KlIphniqSqrKXOqq325-n7X7xYTpGRbDwJZw-jqbUzSY-dEbs-mphzyDoTC-HVnfxTkLXxKVuHKO4rLBCxn5_HEQpToakfOSilOhtcnu3Rg13NrnurzxuT6O-tSvE07bn2ZfeGF8tfGoB8rTU6Q6aAoe6HrAt0wKImLbrWiYKCdEH9YCDLYc2QPluJvTMfhLjMMffSFH2VcH_Pp1y0j-twK97wmSAwqS0KYolOQBSIUrPAYSVHt0rSp4RcR6oxdNhSpOe91WHOnEoiJREGq2vf1n3_1y205plgiVI7I7m_lvNUHxN0tcfC2XZoVCzdvp4Z3UrvhYawAvUaI9EiAamz0w2gM42F0FIN5-uB5nc3FE-GcObrO_kZGuvigdz-KV763RpL1m3HdPfraL5LP_Y3sRNE69GzZu5GONx56n_sJz0wvsdgCiwgnAI8rxbTK469nZ6DzMPOnAzpJPBpjcDfLxrzpvLxIvkciQWZLiindHN3BeXD35hRUNuVA0HkmBBVLUJRca0xAFSx0ft9_vv76iAqA:1nxB0Y:AkETJKz5hR1SeQr_GE5Iv1Y0J-AoNLSOzoJuhmF_FI0	2022-06-18 02:22:46.127676+09
jogvegzq2e7l30ceqwte9qv4msf6u7lw	.eJyVU2tv2jAU_StbPkMJIYQEadIoUGj6ojwK7TRFF8cJhiQOtkOAiv8-m0dHu4e2L1F87rkPn3v8qnGKCESAEM0S4R1OEQ1JotVftSOsfomv1ZMsigpaxjHzfh5TRlfEx0yrayGlYYQ1SVFhrVyuWo5Vsx3ddkzHMC3DMnUZjYAL79jjUMMHgb05JQl-K4vXgoEnA3Dq_sd6OAYSyXgCdEE2EEOYoRnRDcP-GqrQBaKxpK0wIwHBvnfkC5bhgkyK8Sn301uypIdkhRPvPCzBAGISbU7oOT0lSGRMoTMhUl4vlaJZ5eKgiFIM0UTgRKhZSlBqNIaThrtuTgaw9qY2dyZ5fxJY6ZPtVPukczU1nx3jctJ6rLSnX7hjFZHSjSKIVIc5aLvdYRFKnBQ4zylTEn12azNjZbjVvlPbBGu323U7vZvOeDm3H65Z9ExNux0GpNmW5faaTn1UMy1sFk2zLD9gmUWoQblYwXpgV6BScQJb3ZswubMPYuz3-Bsp1FxH-N-3ozb9wQK_-oRwD_xYnQOION4DXEAQnAOAhFzdO0qWYnaeKMWTaUKSXnfHCWVhn2HOMdfq3_5i9_8028lmKSMxsM3huPte0ARd4OT9w4I03TcqF04P76zvkS-FNpwL0Bt95sOdc93qPbbvcDYO5vfbTS0Oo1Fs3DzmxkRfskU3XPSoM86616B3lhu63Q7LqzBcXaIqQ0n-vGiPB0ykQ__u9imobvTGTXVpGSlqDhuj7v2wFZlsYUAPGMmni74zqt53e9vGPIcBuk3GN6NW-vDSch_s3Hbtq-Zg1GPuLA_GL4Zy635gj2PEsDg6YZ0SKbEH4nCp3W73A00ZgWY:1nxBLs:W3IBSE8es3nDw-DHc5Dz2smSfUCH34u0WZIGiw12U84	2022-06-18 02:44:48.42415+09
00m2dolqwo4laorvk2ce2ufbbulzw5sd	.eJxVzDsOwjAQRdG9uMbWjD9xTEnPGqKxZ0wCKJHyqRB7h0gpoH73vJfqaFv7bltk7gZWZxU4UcmN1cGmVvuasqaMVhN4Rsucqog6_bJM5SHjbvlO420yZRrXechmT8yxLuY6sTwvR_t30NPSf3WKUqJvkQo7iOStOAQrCaVmaBqIAQtlAMQWYoxOAgfKBYtLxBWcen8AOu9BVA:1nxBO2:7nBXTKjz3yS0r88H8Fe-Wd0P-1_pAHDB5zxPs3UvRwo	2022-06-18 02:47:02.669528+09
qb7ggrsaf62fsych5l2drf59pwedkaub	.eJxVjEsOgzAMBe-SdYlCbBLcZfc9A3LspPQjkPisqt69ILFot29m3tt0vC59t8556u5qzsYxeYIiVQ2QKwzCFUWQSoJLSb3HrGpOv1lieeZhb_XBw220Mg7LdE92V-xBZ3sdNb8uh_t30PPcb7VE8IiEXDw1QqGVBNsGSs61yKyZYkDviiulNEwZUozB1dCQIrW1-XwBEWBAxQ:1nyEnr:yvvvp6dC8ydXwxImFrOkXZ8sXbJQBtxllvKy1FMKeug	2022-06-21 00:38:03.043474+09
ilata3jdqp1o21lei5uc41fntc0octcl	.eJxVjEsOgzAMBe-SdYlCbBLcZfc9A3LspPQjkPisqt69ILFot29m3tt0vC59t8556u5qzsYxeYIiVQ2QKwzCFUWQSoJLSb3HrGpOv1lieeZhb_XBw220Mg7LdE92V-xBZ3sdNb8uh_t30PPcb7VE8IiEXDw1QqGVBNsGSs61yKyZYkDviiulNEwZUozB1dCQIrW1-XwBEWBAxQ:1o1sqY:4jhD4RJLrfUyLrVVed48KN5G4z4PwNeo15I9DQqipTY	2022-07-01 01:59:54.535122+09
jejrps4znxasi4fkirgbbwxatonyz67r	.eJxVjEsOgzAMBe-SdYlCbBLcZfc9A3LspPQjkPisqt69ILFot29m3tt0vC59t8556u5qzsYxeYIiVQ2QKwzCFUWQSoJLSb3HrGpOv1lieeZhb_XBw220Mg7LdE92V-xBZ3sdNb8uh_t30PPcb7VE8IiEXDw1QqGVBNsGSs61yKyZYkDviiulNEwZUozB1dCQIrW1-XwBEWBAxQ:1o3Oil:gB9Np8XEmIbc9MW0Yzh6w0PnmpTi_oL-QtxYJr0WZSk	2022-07-05 06:14:07.071721+09
pp6v4gf32i6br8gjcoeyr1obgh6zt797	.eJxVjEsOgzAMBe-SdYlCbBLcZfc9A3LspPQjkPisqt69ILFot29m3tt0vC59t8556u5qzsYxeYIiVQ2QKwzCFUWQSoJLSb3HrGpOv1lieeZhb_XBw220Mg7LdE92V-xBZ3sdNb8uh_t30PPcb7VE8IiEXDw1QqGVBNsGSs61yKyZYkDviiulNEwZUozB1dCQIrW1-XwBEWBAxQ:1o84qZ:tBq1IYTDccjEwbQlMOpULmZzvjlh1gnHiWf_I6xF_78	2022-07-18 04:01:31.898792+09
m5h4m3l8dur3xqv4xd22ooz3g862gtzx	.eJxVjEsOgzAMBe-SdYlCbBLcZfc9A3LspPQjkPisqt69ILFot29m3tt0vC59t8556u5qzsYxeYIiVQ2QKwzCFUWQSoJLSb3HrGpOv1lieeZhb_XBw220Mg7LdE92V-xBZ3sdNb8uh_t30PPcb7VE8IiEXDw1QqGVBNsGSs61yKyZYkDviiulNEwZUozB1dCQIrW1-XwBEWBAxQ:1o9DCl:AGbDG_Oi2pI53SGxXKZa2uZI5vJAUSN7DQDsZIPrGEk	2022-07-21 07:09:07.834913+09
gg202rv7edoo6uqo5sn6v05d0kowyu7t	.eJxVjEsOgzAMBe-SdYlCbBLcZfc9A3LspPQjkPisqt69ILFot29m3tt0vC59t8556u5qzsYxeYIiVQ2QKwzCFUWQSoJLSb3HrGpOv1lieeZhb_XBw220Mg7LdE92V-xBZ3sdNb8uh_t30PPcb7VE8IiEXDw1QqGVBNsGSs61yKyZYkDviiulNEwZUozB1dCQIrW1-XwBEWBAxQ:1oHngl:oiy7nmb1plEApian71mmBbiVENm8B4GMySTymunyqnY	2022-08-13 23:43:35.581358+09
\.


--
-- Data for Name: django_site; Type: TABLE DATA; Schema: public; Owner: enclopedia_administrator
--

COPY public.django_site (id, domain, name) FROM stdin;
7	http://127.0.0.1:8000	http://127.0.0.1:8000
\.


--
-- Data for Name: notification_news; Type: TABLE DATA; Schema: public; Owner: enclopedia_administrator
--

COPY public.notification_news (id, title, body, created_at, url) FROM stdin;
11			2022-03-12 11:44:44.209742+09	http://localhost:3000/api
12			2022-04-08 03:12:55.065197+09	\N
\.


--
-- Data for Name: notification_notification; Type: TABLE DATA; Schema: public; Owner: enclopedia_administrator
--

COPY public.notification_notification (id, title, body, created_at, url, user_id) FROM stdin;
5		enclopedia	2022-03-13 00:54:17.026839+09	http://localhost:3000/api	0a9293fc-133e-46ca-973c-c60bbd224edd
6		3	2022-04-05 10:46:47.397439+09	\N	0a9293fc-133e-46ca-973c-c60bbd224edd
7		3	2022-04-05 10:50:49.404644+09	\N	0a9293fc-133e-46ca-973c-c60bbd224edd
8		3	2022-04-05 10:52:51.829152+09	\N	0a9293fc-133e-46ca-973c-c60bbd224edd
9		3	2022-04-05 10:54:29.071418+09	\N	0a9293fc-133e-46ca-973c-c60bbd224edd
10		3	2022-04-05 11:01:58.731583+09	\N	0a9293fc-133e-46ca-973c-c60bbd224edd
11		3	2022-04-05 11:03:27.565572+09	\N	0a9293fc-133e-46ca-973c-c60bbd224edd
12		3	2022-04-05 11:32:26.948386+09	\N	0a9293fc-133e-46ca-973c-c60bbd224edd
13		3	2022-04-05 11:39:44.937391+09	\N	0a9293fc-133e-46ca-973c-c60bbd224edd
14		3	2022-04-05 11:53:31.680811+09	\N	0a9293fc-133e-46ca-973c-c60bbd224edd
15		3	2022-04-05 12:04:35.001669+09	\N	0a9293fc-133e-46ca-973c-c60bbd224edd
16		3	2022-04-05 15:24:52.621417+09	\N	0a9293fc-133e-46ca-973c-c60bbd224edd
17		3	2022-04-05 15:34:07.151483+09	\N	0a9293fc-133e-46ca-973c-c60bbd224edd
18		3	2022-04-05 15:51:06.91863+09	\N	0a9293fc-133e-46ca-973c-c60bbd224edd
19		3	2022-04-05 16:46:41.093068+09	\N	0a9293fc-133e-46ca-973c-c60bbd224edd
20		3	2022-04-05 16:59:36.495713+09	\N	0a9293fc-133e-46ca-973c-c60bbd224edd
21		3	2022-04-05 17:03:02.145924+09	\N	0a9293fc-133e-46ca-973c-c60bbd224edd
22		3	2022-04-06 02:43:35.752049+09	\N	0a9293fc-133e-46ca-973c-c60bbd224edd
23		3	2022-04-09 01:27:31.042585+09	\N	0a9293fc-133e-46ca-973c-c60bbd224edd
24		3	2022-04-09 01:37:17.528758+09	\N	0a9293fc-133e-46ca-973c-c60bbd224edd
25		3	2022-04-09 01:41:55.779763+09	\N	0a9293fc-133e-46ca-973c-c60bbd224edd
28		3	2022-04-11 05:19:46.143339+09	\N	0a9293fc-133e-46ca-973c-c60bbd224edd
29		3	2022-04-11 06:05:34.687987+09	\N	0a9293fc-133e-46ca-973c-c60bbd224edd
30		3	2022-04-11 06:12:01.923643+09	\N	0a9293fc-133e-46ca-973c-c60bbd224edd
31		3	2022-04-11 06:23:52.43623+09	\N	0a9293fc-133e-46ca-973c-c60bbd224edd
32		3	2022-04-11 06:26:11.947141+09	\N	0a9293fc-133e-46ca-973c-c60bbd224edd
33		3	2022-04-11 06:27:29.995883+09	\N	0a9293fc-133e-46ca-973c-c60bbd224edd
34		3	2022-05-03 07:33:29.872668+09	\N	0a9293fc-133e-46ca-973c-c60bbd224edd
35		3	2022-05-09 02:31:24.284147+09	\N	0a9293fc-133e-46ca-973c-c60bbd224edd
36		3	2022-05-09 03:40:13.761624+09	\N	0a9293fc-133e-46ca-973c-c60bbd224edd
37		3	2022-05-09 04:05:24.263711+09	\N	0a9293fc-133e-46ca-973c-c60bbd224edd
39		3	2022-05-10 23:08:38.910911+09	\N	0a9293fc-133e-46ca-973c-c60bbd224edd
40		3	2022-05-22 02:37:47.834985+09	\N	0a9293fc-133e-46ca-973c-c60bbd224edd
41		3	2022-06-07 01:16:20.271805+09	\N	0a9293fc-133e-46ca-973c-c60bbd224edd
43		3	2022-06-07 02:31:42.611168+09	\N	0a9293fc-133e-46ca-973c-c60bbd224edd
44			2022-06-07 03:40:16.32442+09	http://enclopedia.co.jp	0a9293fc-133e-46ca-973c-c60bbd224edd
45		3	2022-06-21 19:01:22.216228+09	\N	0a9293fc-133e-46ca-973c-c60bbd224edd
46		3	2022-06-30 00:32:41.700415+09	\N	0a9293fc-133e-46ca-973c-c60bbd224edd
47		3	2022-07-01 05:38:21.859195+09	\N	0a9293fc-133e-46ca-973c-c60bbd224edd
48		3	2022-07-02 05:53:51.784944+09	\N	0a9293fc-133e-46ca-973c-c60bbd224edd
49		3	2022-07-03 07:11:49.030455+09	\N	0a9293fc-133e-46ca-973c-c60bbd224edd
50		            	2022-07-04 04:41:52.721277+09	\N	0a9293fc-133e-46ca-973c-c60bbd224edd
51		Enclopedia        basic        	2022-07-04 04:55:15.954119+09	\N	0a9293fc-133e-46ca-973c-c60bbd224edd
52		Enclopedia        basic        	2022-07-04 05:14:06.063193+09	\N	0a9293fc-133e-46ca-973c-c60bbd224edd
53		Enclopedia        basic        	2022-07-04 05:57:52.480772+09	\N	0a9293fc-133e-46ca-973c-c60bbd224edd
54		Enclopedia        premium        	2022-07-04 06:07:11.718134+09	\N	0a9293fc-133e-46ca-973c-c60bbd224edd
55		Enclopedia        basic        	2022-07-04 06:21:50.741931+09	\N	0a9293fc-133e-46ca-973c-c60bbd224edd
56		Enclopedia        basic        	2022-07-04 06:46:15.972818+09	\N	0a9293fc-133e-46ca-973c-c60bbd224edd
57		Enclopedia        basic        	2022-07-04 07:07:04.137092+09	\N	0a9293fc-133e-46ca-973c-c60bbd224edd
58		Enclopedia            \npremium,20220704            Enclopedia	2022-07-04 07:07:17.727626+09	\N	0a9293fc-133e-46ca-973c-c60bbd224edd
59		Enclopedia        basic        	2022-07-04 07:28:42.076131+09	\N	0a9293fc-133e-46ca-973c-c60bbd224edd
60		Enclopedia            \npremium,20220704            Enclopedia	2022-07-04 07:28:54.146156+09	\N	0a9293fc-133e-46ca-973c-c60bbd224edd
61		premium            \n20220704            \nEnclopedia	2022-07-04 07:33:25.771753+09	\N	0a9293fc-133e-46ca-973c-c60bbd224edd
62		Enclopedia        basic        	2022-07-04 08:08:00.880259+09	\N	0a9293fc-133e-46ca-973c-c60bbd224edd
63		Enclopedia            \npremium,20220704            Enclopedia	2022-07-04 08:08:11.442733+09	\N	0a9293fc-133e-46ca-973c-c60bbd224edd
64		premium            \n20220704            \nEnclopedia	2022-07-04 08:08:56.479409+09	\N	0a9293fc-133e-46ca-973c-c60bbd224edd
65		3	2022-07-04 08:19:28.835073+09	\N	0a9293fc-133e-46ca-973c-c60bbd224edd
66		Enclopedia        basic        	2022-07-04 22:54:13.480938+09	\N	0a9293fc-133e-46ca-973c-c60bbd224edd
67		Enclopedia        basic        	2022-07-05 04:03:26.09865+09	\N	0a9293fc-133e-46ca-973c-c60bbd224edd
68		Enclopedia            \npremium,20220705            Enclopedia	2022-07-05 04:06:39.11381+09	\N	0a9293fc-133e-46ca-973c-c60bbd224edd
69		premium            \n20220705            \nEnclopedia	2022-07-05 04:34:40.595804+09	\N	0a9293fc-133e-46ca-973c-c60bbd224edd
70		3	2022-07-05 06:58:37.100827+09	\N	0a9293fc-133e-46ca-973c-c60bbd224edd
71		Enclopedia        basic        	2022-07-05 07:17:29.691224+09	\N	0a9293fc-133e-46ca-973c-c60bbd224edd
72		Enclopedia            \npremium,20220705            Enclopedia	2022-07-05 07:19:51.758518+09	\N	0a9293fc-133e-46ca-973c-c60bbd224edd
73		Enclopedia            \nbasic,20220705            Enclopedia	2022-07-05 07:20:45.333358+09	\N	0a9293fc-133e-46ca-973c-c60bbd224edd
74		Enclopedia            \npremium,20220705            Enclopedia	2022-07-05 07:21:27.03873+09	\N	0a9293fc-133e-46ca-973c-c60bbd224edd
75		Enclopedia            \nbasic,20220705            Enclopedia	2022-07-05 07:22:33.453955+09	\N	0a9293fc-133e-46ca-973c-c60bbd224edd
76		basic            \n20220705            \nEnclopedia	2022-07-05 07:23:28.630348+09	\N	0a9293fc-133e-46ca-973c-c60bbd224edd
77		Enclopedia        basic        	2022-07-05 18:16:35.170235+09	\N	0a9293fc-133e-46ca-973c-c60bbd224edd
78		basic            \n20220805            \nEnclopedia	2022-07-05 18:17:01.35577+09	\N	0a9293fc-133e-46ca-973c-c60bbd224edd
79		Enclopedia        basic        	2022-07-07 06:53:16.100897+09	\N	0a9293fc-133e-46ca-973c-c60bbd224edd
80		3	2022-07-07 06:53:58.581421+09	\N	0a9293fc-133e-46ca-973c-c60bbd224edd
81		basic            \n20220807            \nEnclopedia	2022-07-07 07:09:59.412914+09	\N	0a9293fc-133e-46ca-973c-c60bbd224edd
82		3	2022-07-30 23:49:56.129012+09	\N	0a9293fc-133e-46ca-973c-c60bbd224edd
\.


--
-- Data for Name: notification_read; Type: TABLE DATA; Schema: public; Owner: enclopedia_administrator
--

COPY public.notification_read (id, read, object_id, account_id, content_type_id) FROM stdin;
3	t	11	0a9293fc-133e-46ca-973c-c60bbd224edd	39
4	t	5	0a9293fc-133e-46ca-973c-c60bbd224edd	41
5	t	6	0a9293fc-133e-46ca-973c-c60bbd224edd	41
6	t	7	0a9293fc-133e-46ca-973c-c60bbd224edd	41
7	t	8	0a9293fc-133e-46ca-973c-c60bbd224edd	41
8	t	9	0a9293fc-133e-46ca-973c-c60bbd224edd	41
9	t	10	0a9293fc-133e-46ca-973c-c60bbd224edd	41
10	t	11	0a9293fc-133e-46ca-973c-c60bbd224edd	41
11	t	12	0a9293fc-133e-46ca-973c-c60bbd224edd	41
12	t	13	0a9293fc-133e-46ca-973c-c60bbd224edd	41
13	t	14	0a9293fc-133e-46ca-973c-c60bbd224edd	41
14	t	15	0a9293fc-133e-46ca-973c-c60bbd224edd	41
15	t	16	0a9293fc-133e-46ca-973c-c60bbd224edd	41
16	t	17	0a9293fc-133e-46ca-973c-c60bbd224edd	41
17	t	18	0a9293fc-133e-46ca-973c-c60bbd224edd	41
18	t	19	0a9293fc-133e-46ca-973c-c60bbd224edd	41
19	t	20	0a9293fc-133e-46ca-973c-c60bbd224edd	41
20	t	21	0a9293fc-133e-46ca-973c-c60bbd224edd	41
21	t	22	0a9293fc-133e-46ca-973c-c60bbd224edd	41
23	t	12	0a9293fc-133e-46ca-973c-c60bbd224edd	39
24	t	23	0a9293fc-133e-46ca-973c-c60bbd224edd	41
25	t	24	0a9293fc-133e-46ca-973c-c60bbd224edd	41
26	t	25	0a9293fc-133e-46ca-973c-c60bbd224edd	41
51	t	52	0a9293fc-133e-46ca-973c-c60bbd224edd	41
29	t	28	0a9293fc-133e-46ca-973c-c60bbd224edd	41
30	t	29	0a9293fc-133e-46ca-973c-c60bbd224edd	41
31	t	30	0a9293fc-133e-46ca-973c-c60bbd224edd	41
32	t	31	0a9293fc-133e-46ca-973c-c60bbd224edd	41
33	t	32	0a9293fc-133e-46ca-973c-c60bbd224edd	41
34	t	33	0a9293fc-133e-46ca-973c-c60bbd224edd	41
35	t	34	0a9293fc-133e-46ca-973c-c60bbd224edd	41
36	t	35	0a9293fc-133e-46ca-973c-c60bbd224edd	41
37	t	36	0a9293fc-133e-46ca-973c-c60bbd224edd	41
38	t	37	0a9293fc-133e-46ca-973c-c60bbd224edd	41
39	t	39	0a9293fc-133e-46ca-973c-c60bbd224edd	41
40	t	40	0a9293fc-133e-46ca-973c-c60bbd224edd	41
41	t	41	0a9293fc-133e-46ca-973c-c60bbd224edd	41
42	t	43	0a9293fc-133e-46ca-973c-c60bbd224edd	41
43	t	44	0a9293fc-133e-46ca-973c-c60bbd224edd	41
44	t	45	0a9293fc-133e-46ca-973c-c60bbd224edd	41
45	t	46	0a9293fc-133e-46ca-973c-c60bbd224edd	41
46	t	47	0a9293fc-133e-46ca-973c-c60bbd224edd	41
47	t	48	0a9293fc-133e-46ca-973c-c60bbd224edd	41
48	t	49	0a9293fc-133e-46ca-973c-c60bbd224edd	41
49	t	50	0a9293fc-133e-46ca-973c-c60bbd224edd	41
50	t	51	0a9293fc-133e-46ca-973c-c60bbd224edd	41
52	t	53	0a9293fc-133e-46ca-973c-c60bbd224edd	41
53	t	54	0a9293fc-133e-46ca-973c-c60bbd224edd	41
54	t	55	0a9293fc-133e-46ca-973c-c60bbd224edd	41
55	t	56	0a9293fc-133e-46ca-973c-c60bbd224edd	41
56	t	57	0a9293fc-133e-46ca-973c-c60bbd224edd	41
57	t	58	0a9293fc-133e-46ca-973c-c60bbd224edd	41
58	t	59	0a9293fc-133e-46ca-973c-c60bbd224edd	41
59	t	60	0a9293fc-133e-46ca-973c-c60bbd224edd	41
60	t	61	0a9293fc-133e-46ca-973c-c60bbd224edd	41
61	t	62	0a9293fc-133e-46ca-973c-c60bbd224edd	41
62	t	63	0a9293fc-133e-46ca-973c-c60bbd224edd	41
63	t	64	0a9293fc-133e-46ca-973c-c60bbd224edd	41
64	t	65	0a9293fc-133e-46ca-973c-c60bbd224edd	41
65	t	66	0a9293fc-133e-46ca-973c-c60bbd224edd	41
66	t	67	0a9293fc-133e-46ca-973c-c60bbd224edd	41
67	t	68	0a9293fc-133e-46ca-973c-c60bbd224edd	41
68	t	69	0a9293fc-133e-46ca-973c-c60bbd224edd	41
69	t	70	0a9293fc-133e-46ca-973c-c60bbd224edd	41
70	t	71	0a9293fc-133e-46ca-973c-c60bbd224edd	41
71	t	72	0a9293fc-133e-46ca-973c-c60bbd224edd	41
72	t	73	0a9293fc-133e-46ca-973c-c60bbd224edd	41
73	t	74	0a9293fc-133e-46ca-973c-c60bbd224edd	41
74	t	75	0a9293fc-133e-46ca-973c-c60bbd224edd	41
75	t	76	0a9293fc-133e-46ca-973c-c60bbd224edd	41
76	t	77	0a9293fc-133e-46ca-973c-c60bbd224edd	41
77	t	78	0a9293fc-133e-46ca-973c-c60bbd224edd	41
78	t	79	0a9293fc-133e-46ca-973c-c60bbd224edd	41
79	t	80	0a9293fc-133e-46ca-973c-c60bbd224edd	41
80	t	81	0a9293fc-133e-46ca-973c-c60bbd224edd	41
81	f	82	0a9293fc-133e-46ca-973c-c60bbd224edd	41
\.


--
-- Data for Name: product_imagegallary; Type: TABLE DATA; Schema: public; Owner: enclopedia_administrator
--

COPY public.product_imagegallary (id, original, product_id) FROM stdin;
1	image_gallary/6683a9f4-86c1-48c1-a0e6-4f8720b35c12None.png	6683a9f4-86c1-48c1-a0e6-4f8720b35c12
\.


--
-- Data for Name: product_price; Type: TABLE DATA; Schema: public; Owner: enclopedia_administrator
--

COPY public.product_price (id, price, tax, shipping_id) FROM stdin;
601c3e23-bfd7-4149-bf91-64923645bcd4	2130	\N	1
13490ee4-375a-4cf2-8936-ede7936f8fed	980	\N	2
fea5d42d-da4f-4879-84f2-86011d84abf5	2980	\N	3
19966ea3-4d83-401a-a229-c83bd5e0e3ed	2340	\N	1
6f38177c-cf88-40b4-896b-6ca7fbfbc2e0	0	\N	1
ddd8b2ca-0ede-4ebb-b44a-271a291e171a	2980	\N	1
\.


--
-- Data for Name: product_product; Type: TABLE DATA; Schema: public; Owner: enclopedia_administrator
--

COPY public.product_product (id, product_name, description, rating, review_count, stock, img, is_available, is_subscription, created_at, updated_at, gender, brand_id, category_id, price_id) FROM stdin;
e0ad8fac-79d3-40d8-9663-8b3ba72dc4a2	calvinklein	clavinklein jeans 	5.0	0	0	product/e0ad8fac-79d3-40d8-9663-8b3ba72dc4a2.jpg	t	rental	2022-02-28 20:40:54.738902+09	2022-08-09 03:04:38.839585+09		4	21	601c3e23-bfd7-4149-bf91-64923645bcd4
6caa14f1-b88e-48bf-a496-f23e2bddbd2d	celine		5.0	0	14	product/6caa14f1-b88e-48bf-a496-f23e2bddbd2d.jpg	t	premium	2022-02-28 23:55:42.632769+09	2022-08-09 03:35:25.652981+09		2	14	6f38177c-cf88-40b4-896b-6ca7fbfbc2e0
408a6647-4a16-4370-ad3a-c590adbb22e8	yoji yamamoto set up	yoji yamamoto	5.0	0	16	product/408a6647-4a16-4370-ad3a-c590adbb22e8.jpg	t	premium	2022-03-01 08:04:08.854582+09	2022-06-07 01:16:04.142113+09		6	\N	6f38177c-cf88-40b4-896b-6ca7fbfbc2e0
0ca54d20-b34c-4300-b8f6-65f0f6f6afd5	alexsander maqueen p	p	5.0	0	1	product/0ca54d20-b34c-4300-b8f6-65f0f6f6afd5.jpg	t	basic	2022-03-03 22:16:42.029669+09	2022-07-03 07:11:47.2038+09		8	\N	6f38177c-cf88-40b4-896b-6ca7fbfbc2e0
de8b84d2-348d-4399-a3bb-9585827b15ad	lanvin		5.0	0	4	product/de8b84d2-348d-4399-a3bb-9585827b15ad.jpg	t	basic	2022-05-22 02:55:28.750021+09	2022-07-07 06:53:58.103085+09		10	\N	ddd8b2ca-0ede-4ebb-b44a-271a291e171a
6683a9f4-86c1-48c1-a0e6-4f8720b35c12	chloe 		5.0	1	10	product/6683a9f4-86c1-48c1-a0e6-4f8720b35c12.jpg	t	basic	2022-03-03 22:13:40.587889+09	2022-07-07 06:53:58.380992+09		7	\N	6f38177c-cf88-40b4-896b-6ca7fbfbc2e0
cca81326-f198-4287-bf61-9349f84e18b0	dolce & gabbana	D&G	5.0	0	0	product/cca81326-f198-4287-bf61-9349f84e18b0.jpg	t	basic	2022-05-22 22:24:48.906482+09	2022-07-01 22:07:15.465273+09		11	\N	fea5d42d-da4f-4879-84f2-86011d84abf5
4f83965e-dab1-4ddf-b296-34c12f444cfe	yoji yamamoto  		5.0	4	13	product/4f83965e-dab1-4ddf-b296-34c12f444cfe.jpg	t	premium	2022-03-01 15:32:50.330308+09	2022-07-04 08:19:28.754172+09		6	\N	6f38177c-cf88-40b4-896b-6ca7fbfbc2e0
ada96f76-78c3-40c7-865c-205707ff021a	comme des garsons slacks	comcom	5.0	1	14	product/ada96f76-78c3-40c7-865c-205707ff021a.jpg	t	premium	2022-02-28 23:57:57.149655+09	2022-07-04 08:19:28.797029+09		1	\N	6f38177c-cf88-40b4-896b-6ca7fbfbc2e0
6201e56d-6d75-4845-9e07-6aab58092ff4	calvinklein		5.0	0	0	product/6201e56d-6d75-4845-9e07-6aab58092ff4.jpg	t	basic	2022-05-22 02:53:23.016667+09	2022-07-01 02:17:02.802715+09		4	\N	601c3e23-bfd7-4149-bf91-64923645bcd4
da0eacbd-569a-4f4a-85a3-b94d73510c86	Y's yoji yamamoto 	yojiyamamoto	5.0	4	3	product/da0eacbd-569a-4f4a-85a3-b94d73510c86.jpg	t	rental	2022-03-03 22:02:11.293954+09	2022-07-30 23:49:54.228693+09		6	\N	fea5d42d-da4f-4879-84f2-86011d84abf5
f67d50da-a43b-4e4d-80ac-1d64b012dfcb	a.p.c rabit far bulson	a.p.c made in pari vintage	5.0	0	0	product/f67d50da-a43b-4e4d-80ac-1d64b012dfcb.jpg	t	rental	2022-03-01 07:50:53.035864+09	2022-08-09 03:02:47.206243+09		3	19	fea5d42d-da4f-4879-84f2-86011d84abf5
bc536466-2d15-4919-828a-b55178af6ec8	comme des garsons short pant	comme des garon 	5.0	0	10	product/bc536466-2d15-4919-828a-b55178af6ec8.jpg	t	rental	2022-03-01 07:57:26.469745+09	2022-06-07 01:13:36.468626+09		1	\N	13490ee4-375a-4cf2-8936-ede7936f8fed
714f941c-d1e6-4939-b7ee-831714896692	yoji yamamoto 2003ss  T-shirt	2003ss	5.0	0	7	product/714f941c-d1e6-4939-b7ee-831714896692.jpg	t	basic	2022-03-02 22:49:52.353153+09	2022-08-08 05:26:08.875149+09		6	10	6f38177c-cf88-40b4-896b-6ca7fbfbc2e0
e4c562b3-dfbf-40c7-9ddb-93517f06a723	junya watanabe	 <br>	5.0	0	3	product/e4c562b3-dfbf-40c7-9ddb-93517f06a723.jpg	t	basic	2022-05-22 02:54:23.631714+09	2022-08-09 03:03:32.426367+09		9	20	601c3e23-bfd7-4149-bf91-64923645bcd4
\.


--
-- Data for Name: product_product_tag; Type: TABLE DATA; Schema: public; Owner: enclopedia_administrator
--

COPY public.product_product_tag (id, product_id, tag_id) FROM stdin;
1	6caa14f1-b88e-48bf-a496-f23e2bddbd2d	4
2	6caa14f1-b88e-48bf-a496-f23e2bddbd2d	1
3	6caa14f1-b88e-48bf-a496-f23e2bddbd2d	2
4	cca81326-f198-4287-bf61-9349f84e18b0	2
5	cca81326-f198-4287-bf61-9349f84e18b0	3
\.


--
-- Data for Name: product_reviewrating; Type: TABLE DATA; Schema: public; Owner: enclopedia_administrator
--

COPY public.product_reviewrating (id, title, review, rating, ip, status, on_created, on_updated, product_id, user_id) FROM stdin;
1	hello	test comment	5	127.0.0.1	t	2022-03-03 20:19:38.587823+09	2022-03-03 20:19:38.587855+09	ada96f76-78c3-40c7-865c-205707ff021a	0a9293fc-133e-46ca-973c-c60bbd224edd
2	hello	test	5	127.0.0.1	t	2022-03-03 20:23:27.887499+09	2022-03-03 20:23:27.887533+09	4f83965e-dab1-4ddf-b296-34c12f444cfe	0a9293fc-133e-46ca-973c-c60bbd224edd
3	hello	u	5	127.0.0.1	t	2022-03-03 20:25:21.725467+09	2022-03-03 20:25:21.725513+09	4f83965e-dab1-4ddf-b296-34c12f444cfe	0a9293fc-133e-46ca-973c-c60bbd224edd
4	hello	u	5	127.0.0.1	t	2022-03-03 20:25:37.835892+09	2022-03-03 20:25:37.83591+09	4f83965e-dab1-4ddf-b296-34c12f444cfe	0a9293fc-133e-46ca-973c-c60bbd224edd
5	title	user	5	127.0.0.1	t	2022-03-03 20:42:35.399064+09	2022-03-03 20:42:35.399089+09	4f83965e-dab1-4ddf-b296-34c12f444cfe	0a9293fc-133e-46ca-973c-c60bbd224edd
6	hello	sda	5	127.0.0.1	t	2022-03-11 13:36:09.881837+09	2022-03-11 13:36:09.881865+09	6683a9f4-86c1-48c1-a0e6-4f8720b35c12	0a9293fc-133e-46ca-973c-c60bbd224edd
7			5	127.0.0.1	t	2022-04-08 20:29:34.75647+09	2022-04-08 20:29:34.756499+09	da0eacbd-569a-4f4a-85a3-b94d73510c86	0a9293fc-133e-46ca-973c-c60bbd224edd
8			5	127.0.0.1	t	2022-04-08 20:30:27.3458+09	2022-04-08 20:30:27.345823+09	da0eacbd-569a-4f4a-85a3-b94d73510c86	0a9293fc-133e-46ca-973c-c60bbd224edd
9			5	127.0.0.1	t	2022-04-08 20:31:53.724962+09	2022-04-08 20:31:53.724984+09	da0eacbd-569a-4f4a-85a3-b94d73510c86	0a9293fc-133e-46ca-973c-c60bbd224edd
10			5	127.0.0.1	t	2022-04-09 00:33:41.223941+09	2022-04-09 00:33:41.223963+09	da0eacbd-569a-4f4a-85a3-b94d73510c86	0a9293fc-133e-46ca-973c-c60bbd224edd
\.


--
-- Data for Name: product_reviewratinggallery; Type: TABLE DATA; Schema: public; Owner: enclopedia_administrator
--

COPY public.product_reviewratinggallery (id, image, on_created, on_updated, review_id) FROM stdin;
\.


--
-- Data for Name: product_shipping; Type: TABLE DATA; Schema: public; Owner: enclopedia_administrator
--

COPY public.product_shipping (id, shipping_company, shipping_method, size, shipping_price) FROM stdin;
1			60	700
3		(60	60	600
2			60	700
\.


--
-- Data for Name: product_size; Type: TABLE DATA; Schema: public; Owner: enclopedia_administrator
--

COPY public.product_size (id, size, length, shoulder_width, chest, waist, hip, inseam, sleeve_length, product_id) FROM stdin;
\.


--
-- Data for Name: product_tag; Type: TABLE DATA; Schema: public; Owner: enclopedia_administrator
--

COPY public.product_tag (id, tag_name) FROM stdin;
1	
2	
3	pank
4	
\.


--
-- Data for Name: product_variation; Type: TABLE DATA; Schema: public; Owner: enclopedia_administrator
--

COPY public.product_variation (id, variation_choices, variation_value, is_active, created_on, product_id) FROM stdin;
1			t	2022-05-24 02:50:01.737638+09	e4c562b3-dfbf-40c7-9ddb-93517f06a723
\.


--
-- Data for Name: reservation_reservation; Type: TABLE DATA; Schema: public; Owner: enclopedia_administrator
--

COPY public.reservation_reservation (id, reserved_start_date, reserved_end_date, is_reserved, status, plan, ip, payment_method, total_price, shipping_price, shipping_number, adress_id, user_id, "returnShippingNumber", return_shipping_number) FROM stdin;
a8abeda4-fbf5-4894-ab22-0f73c90a16f1	2022-07-30 23:49:54.170553+09	2022-08-09 23:49:52.667+09	t	1	rental		\N	5113	1000	\N	fb45a1df-9484-4dcb-af85-28f5d6535c6f	0a9293fc-133e-46ca-973c-c60bbd224edd	\N	\N
\.


--
-- Data for Name: reservation_reservationitem; Type: TABLE DATA; Schema: public; Owner: enclopedia_administrator
--

COPY public.reservation_reservationitem (id, quantity, is_canceled, cancel_date, product_id, reservation_id) FROM stdin;
db9224d6-a979-4b97-bd46-e61cbe70e1a8	1	f	\N	da0eacbd-569a-4f4a-85a3-b94d73510c86	a8abeda4-fbf5-4894-ab22-0f73c90a16f1
0fa7d63d-6d3d-4cb2-8264-de2b8a6dab50	1	f	\N	e4c562b3-dfbf-40c7-9ddb-93517f06a723	a8abeda4-fbf5-4894-ab22-0f73c90a16f1
9f55f4bf-ac46-4849-b178-60a2e7fc9e3a	1	f	\N	714f941c-d1e6-4939-b7ee-831714896692	a8abeda4-fbf5-4894-ab22-0f73c90a16f1
\.


--
-- Data for Name: reservation_reservationitem_variation; Type: TABLE DATA; Schema: public; Owner: enclopedia_administrator
--

COPY public.reservation_reservationitem_variation (id, reservationitem_id, variation_id) FROM stdin;
\.


--
-- Data for Name: socialaccount_socialaccount; Type: TABLE DATA; Schema: public; Owner: enclopedia_administrator
--

COPY public.socialaccount_socialaccount (id, provider, uid, last_login, date_joined, extra_data, user_id) FROM stdin;
\.


--
-- Data for Name: socialaccount_socialapp; Type: TABLE DATA; Schema: public; Owner: enclopedia_administrator
--

COPY public.socialaccount_socialapp (id, provider, name, client_id, secret, key) FROM stdin;
1	google	google	326590042177-a1ffhd6tqv9lbejbhqcdh1p52fdg4itk.apps.googleusercontent.com	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	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
\.


--
-- Data for Name: socialaccount_socialapp_sites; Type: TABLE DATA; Schema: public; Owner: enclopedia_administrator
--

COPY public.socialaccount_socialapp_sites (id, socialapp_id, site_id) FROM stdin;
4	1	7
\.


--
-- Data for Name: socialaccount_socialtoken; Type: TABLE DATA; Schema: public; Owner: enclopedia_administrator
--

COPY public.socialaccount_socialtoken (id, token, token_secret, expires_at, account_id, app_id) FROM stdin;
\.


--
-- Data for Name: subscription_stripeaccount; Type: TABLE DATA; Schema: public; Owner: enclopedia_administrator
--

COPY public.subscription_stripeaccount (id, customer_id, is_active, plan, start_date, update_date, cancel_date, user_id_id, plan_id) FROM stdin;
26	cus_M9a9c51NULpSz4	t	rental	\N	\N	\N	0a9293fc-133e-46ca-973c-c60bbd224edd	\N
35	\N	f	rental	\N	\N	\N	ac8c7250-44f6-406d-a50f-5eac3b8e6e56	\N
\.


--
-- Data for Name: user_account; Type: TABLE DATA; Schema: public; Owner: enclopedia_administrator
--

COPY public.user_account (password, id, first_name, last_name, username, email, data_joined, last_login, is_admin, is_staff, is_active, is_superadmin) FROM stdin;
pbkdf2_sha256$260000$E0M3ellsYmwxyTYM18UYvO$js0DJzj8Jb9mkOhZKJ6Zp3efaYlt/k6a6qqF9qllXxI=	0a9293fc-133e-46ca-973c-c60bbd224edd			naoki	naoki228@gmail.com	2022-02-28 19:55:10.785913+09	2022-07-30 23:43:35.525842+09	t	t	t	t
pbkdf2_sha256$260000$ctBpxg9f5TkDUypWfHDE1N$hrEx60bEG/bN0iVXngi0dRVIESJOZ8hK02z0dn+Xp78=	ac8c7250-44f6-406d-a50f-5eac3b8e6e56	demo	de	naoki	naokiyamaguchi0228@gmail.com	2022-07-31 06:30:56.912156+09	2022-07-31 06:30:56.912177+09	f	f	t	f
\.


--
-- Data for Name: user_adress; Type: TABLE DATA; Schema: public; Owner: enclopedia_administrator
--

COPY public.user_adress (id, country, prefecture, region, address, building_name, postalcode, user_id, "phoneNumber") FROM stdin;
fb45a1df-9484-4dcb-af85-28f5d6535c6f	japan				1976	1920071	0a9293fc-133e-46ca-973c-c60bbd224edd	08012804683
fed6d870-6dd3-4001-9aaf-d95573f0d129	Japan	\N	\N	\N	\N	\N	ac8c7250-44f6-406d-a50f-5eac3b8e6e56	\N
\.


--
-- Data for Name: user_emailsubscribe; Type: TABLE DATA; Schema: public; Owner: enclopedia_administrator
--

COPY public.user_emailsubscribe (id, is_active, user_id) FROM stdin;
4	f	0a9293fc-133e-46ca-973c-c60bbd224edd
\.


--
-- Data for Name: user_profile; Type: TABLE DATA; Schema: public; Owner: enclopedia_administrator
--

COPY public.user_profile (id, gender, birth_day, img, introduction, created_on, user_id) FROM stdin;
47e41f23-d6da-464c-972f-a075e107a335		1997-01-10	profile/0a9293fc-133e-46ca-973c-c60bbd224edd.jpg		2022-03-01 08:54:33.873072+09	0a9293fc-133e-46ca-973c-c60bbd224edd
8a29611f-dd18-4e9d-a75a-d462641f863e	\N	\N		\N	2022-07-31 06:30:56.924738+09	ac8c7250-44f6-406d-a50f-5eac3b8e6e56
\.


--
-- Name: account_emailaddress_id_seq; Type: SEQUENCE SET; Schema: public; Owner: enclopedia_administrator
--

SELECT pg_catalog.setval('public.account_emailaddress_id_seq', 3, true);


--
-- Name: account_emailconfirmation_id_seq; Type: SEQUENCE SET; Schema: public; Owner: enclopedia_administrator
--

SELECT pg_catalog.setval('public.account_emailconfirmation_id_seq', 1, false);


--
-- Name: account_history_favorite_id_seq; Type: SEQUENCE SET; Schema: public; Owner: enclopedia_administrator
--

SELECT pg_catalog.setval('public.account_history_favorite_id_seq', 22, true);


--
-- Name: analytics_cardadditem_id_seq; Type: SEQUENCE SET; Schema: public; Owner: enclopedia_administrator
--

SELECT pg_catalog.setval('public.analytics_cardadditem_id_seq', 1, false);


--
-- Name: analytics_featured_id_seq; Type: SEQUENCE SET; Schema: public; Owner: enclopedia_administrator
--

SELECT pg_catalog.setval('public.analytics_featured_id_seq', 10, true);


--
-- Name: analytics_featuredbrand_id_seq; Type: SEQUENCE SET; Schema: public; Owner: enclopedia_administrator
--

SELECT pg_catalog.setval('public.analytics_featuredbrand_id_seq', 4, true);


--
-- Name: auth_group_id_seq; Type: SEQUENCE SET; Schema: public; Owner: enclopedia_administrator
--

SELECT pg_catalog.setval('public.auth_group_id_seq', 1, false);


--
-- Name: auth_group_permissions_id_seq; Type: SEQUENCE SET; Schema: public; Owner: enclopedia_administrator
--

SELECT pg_catalog.setval('public.auth_group_permissions_id_seq', 1, false);


--
-- Name: auth_permission_id_seq; Type: SEQUENCE SET; Schema: public; Owner: enclopedia_administrator
--

SELECT pg_catalog.setval('public.auth_permission_id_seq', 188, true);


--
-- Name: cart_cartitem_id_seq; Type: SEQUENCE SET; Schema: public; Owner: enclopedia_administrator
--

SELECT pg_catalog.setval('public.cart_cartitem_id_seq', 331, true);


--
-- Name: cart_cartitem_variation_id_seq; Type: SEQUENCE SET; Schema: public; Owner: enclopedia_administrator
--

SELECT pg_catalog.setval('public.cart_cartitem_variation_id_seq', 1, false);


--
-- Name: category_brand_id_seq; Type: SEQUENCE SET; Schema: public; Owner: enclopedia_administrator
--

SELECT pg_catalog.setval('public.category_brand_id_seq', 11, true);


--
-- Name: category_category_id_seq; Type: SEQUENCE SET; Schema: public; Owner: enclopedia_administrator
--

SELECT pg_catalog.setval('public.category_category_id_seq', 21, true);


--
-- Name: closet_closet_id_seq; Type: SEQUENCE SET; Schema: public; Owner: enclopedia_administrator
--

SELECT pg_catalog.setval('public.closet_closet_id_seq', 12, true);


--
-- Name: closet_cloth_id_seq; Type: SEQUENCE SET; Schema: public; Owner: enclopedia_administrator
--

SELECT pg_catalog.setval('public.closet_cloth_id_seq', 26, true);


--
-- Name: django_admin_log_id_seq; Type: SEQUENCE SET; Schema: public; Owner: enclopedia_administrator
--

SELECT pg_catalog.setval('public.django_admin_log_id_seq', 711, true);


--
-- Name: django_content_type_id_seq; Type: SEQUENCE SET; Schema: public; Owner: enclopedia_administrator
--

SELECT pg_catalog.setval('public.django_content_type_id_seq', 46, true);


--
-- Name: django_migrations_id_seq; Type: SEQUENCE SET; Schema: public; Owner: enclopedia_administrator
--

SELECT pg_catalog.setval('public.django_migrations_id_seq', 96, true);


--
-- Name: django_rest_passwordreset_resetpasswordtoken_id_seq; Type: SEQUENCE SET; Schema: public; Owner: enclopedia_administrator
--

SELECT pg_catalog.setval('public.django_rest_passwordreset_resetpasswordtoken_id_seq', 2, true);


--
-- Name: django_site_id_seq; Type: SEQUENCE SET; Schema: public; Owner: enclopedia_administrator
--

SELECT pg_catalog.setval('public.django_site_id_seq', 7, true);


--
-- Name: notification_news_id_seq; Type: SEQUENCE SET; Schema: public; Owner: enclopedia_administrator
--

SELECT pg_catalog.setval('public.notification_news_id_seq', 12, true);


--
-- Name: notification_notification_id_seq; Type: SEQUENCE SET; Schema: public; Owner: enclopedia_administrator
--

SELECT pg_catalog.setval('public.notification_notification_id_seq', 82, true);


--
-- Name: notification_read_id_seq; Type: SEQUENCE SET; Schema: public; Owner: enclopedia_administrator
--

SELECT pg_catalog.setval('public.notification_read_id_seq', 81, true);


--
-- Name: product_imagegallary_id_seq; Type: SEQUENCE SET; Schema: public; Owner: enclopedia_administrator
--

SELECT pg_catalog.setval('public.product_imagegallary_id_seq', 1, true);


--
-- Name: product_product_tag_id_seq; Type: SEQUENCE SET; Schema: public; Owner: enclopedia_administrator
--

SELECT pg_catalog.setval('public.product_product_tag_id_seq', 5, true);


--
-- Name: product_reviewrating_id_seq; Type: SEQUENCE SET; Schema: public; Owner: enclopedia_administrator
--

SELECT pg_catalog.setval('public.product_reviewrating_id_seq', 10, true);


--
-- Name: product_shipping_id_seq; Type: SEQUENCE SET; Schema: public; Owner: enclopedia_administrator
--

SELECT pg_catalog.setval('public.product_shipping_id_seq', 3, true);


--
-- Name: product_size_id_seq; Type: SEQUENCE SET; Schema: public; Owner: enclopedia_administrator
--

SELECT pg_catalog.setval('public.product_size_id_seq', 1, false);


--
-- Name: product_tag_id_seq; Type: SEQUENCE SET; Schema: public; Owner: enclopedia_administrator
--

SELECT pg_catalog.setval('public.product_tag_id_seq', 4, true);


--
-- Name: product_variation_id_seq; Type: SEQUENCE SET; Schema: public; Owner: enclopedia_administrator
--

SELECT pg_catalog.setval('public.product_variation_id_seq', 1, true);


--
-- Name: reservation_reservationitem_variation_id_seq; Type: SEQUENCE SET; Schema: public; Owner: enclopedia_administrator
--

SELECT pg_catalog.setval('public.reservation_reservationitem_variation_id_seq', 1, false);


--
-- Name: socialaccount_socialaccount_id_seq; Type: SEQUENCE SET; Schema: public; Owner: enclopedia_administrator
--

SELECT pg_catalog.setval('public.socialaccount_socialaccount_id_seq', 3, true);


--
-- Name: socialaccount_socialapp_id_seq; Type: SEQUENCE SET; Schema: public; Owner: enclopedia_administrator
--

SELECT pg_catalog.setval('public.socialaccount_socialapp_id_seq', 1, true);


--
-- Name: socialaccount_socialapp_sites_id_seq; Type: SEQUENCE SET; Schema: public; Owner: enclopedia_administrator
--

SELECT pg_catalog.setval('public.socialaccount_socialapp_sites_id_seq', 4, true);


--
-- Name: socialaccount_socialtoken_id_seq; Type: SEQUENCE SET; Schema: public; Owner: enclopedia_administrator
--

SELECT pg_catalog.setval('public.socialaccount_socialtoken_id_seq', 3, true);


--
-- Name: subscription_stripeaccount_id_seq; Type: SEQUENCE SET; Schema: public; Owner: enclopedia_administrator
--

SELECT pg_catalog.setval('public.subscription_stripeaccount_id_seq', 35, true);


--
-- Name: user_emailsubscribe_id_seq; Type: SEQUENCE SET; Schema: public; Owner: enclopedia_administrator
--

SELECT pg_catalog.setval('public.user_emailsubscribe_id_seq', 4, true);


--
-- Name: account_emailaddress account_emailaddress_email_key; Type: CONSTRAINT; Schema: public; Owner: enclopedia_administrator
--

ALTER TABLE ONLY public.account_emailaddress
    ADD CONSTRAINT account_emailaddress_email_key UNIQUE (email);


--
-- Name: account_emailaddress account_emailaddress_pkey; Type: CONSTRAINT; Schema: public; Owner: enclopedia_administrator
--

ALTER TABLE ONLY public.account_emailaddress
    ADD CONSTRAINT account_emailaddress_pkey PRIMARY KEY (id);


--
-- Name: account_emailconfirmation account_emailconfirmation_key_key; Type: CONSTRAINT; Schema: public; Owner: enclopedia_administrator
--

ALTER TABLE ONLY public.account_emailconfirmation
    ADD CONSTRAINT account_emailconfirmation_key_key UNIQUE (key);


--
-- Name: account_emailconfirmation account_emailconfirmation_pkey; Type: CONSTRAINT; Schema: public; Owner: enclopedia_administrator
--

ALTER TABLE ONLY public.account_emailconfirmation
    ADD CONSTRAINT account_emailconfirmation_pkey PRIMARY KEY (id);


--
-- Name: account_history_favorite account_history_favorite_pkey; Type: CONSTRAINT; Schema: public; Owner: enclopedia_administrator
--

ALTER TABLE ONLY public.account_history_favorite
    ADD CONSTRAINT account_history_favorite_pkey PRIMARY KEY (id);


--
-- Name: analytics_cartadditem analytics_cardadditem_pkey; Type: CONSTRAINT; Schema: public; Owner: enclopedia_administrator
--

ALTER TABLE ONLY public.analytics_cartadditem
    ADD CONSTRAINT analytics_cardadditem_pkey PRIMARY KEY (id);


--
-- Name: analytics_featured analytics_featured_pkey; Type: CONSTRAINT; Schema: public; Owner: enclopedia_administrator
--

ALTER TABLE ONLY public.analytics_featured
    ADD CONSTRAINT analytics_featured_pkey PRIMARY KEY (id);


--
-- Name: analytics_featuredbrand analytics_featuredbrand_pkey; Type: CONSTRAINT; Schema: public; Owner: enclopedia_administrator
--

ALTER TABLE ONLY public.analytics_featuredbrand
    ADD CONSTRAINT analytics_featuredbrand_pkey PRIMARY KEY (id);


--
-- Name: auth_group auth_group_name_key; Type: CONSTRAINT; Schema: public; Owner: enclopedia_administrator
--

ALTER TABLE ONLY public.auth_group
    ADD CONSTRAINT auth_group_name_key UNIQUE (name);


--
-- Name: auth_group_permissions auth_group_permissions_group_id_permission_id_0cd325b0_uniq; Type: CONSTRAINT; Schema: public; Owner: enclopedia_administrator
--

ALTER TABLE ONLY public.auth_group_permissions
    ADD CONSTRAINT auth_group_permissions_group_id_permission_id_0cd325b0_uniq UNIQUE (group_id, permission_id);


--
-- Name: auth_group_permissions auth_group_permissions_pkey; Type: CONSTRAINT; Schema: public; Owner: enclopedia_administrator
--

ALTER TABLE ONLY public.auth_group_permissions
    ADD CONSTRAINT auth_group_permissions_pkey PRIMARY KEY (id);


--
-- Name: auth_group auth_group_pkey; Type: CONSTRAINT; Schema: public; Owner: enclopedia_administrator
--

ALTER TABLE ONLY public.auth_group
    ADD CONSTRAINT auth_group_pkey PRIMARY KEY (id);


--
-- Name: auth_permission auth_permission_content_type_id_codename_01ab375a_uniq; Type: CONSTRAINT; Schema: public; Owner: enclopedia_administrator
--

ALTER TABLE ONLY public.auth_permission
    ADD CONSTRAINT auth_permission_content_type_id_codename_01ab375a_uniq UNIQUE (content_type_id, codename);


--
-- Name: auth_permission auth_permission_pkey; Type: CONSTRAINT; Schema: public; Owner: enclopedia_administrator
--

ALTER TABLE ONLY public.auth_permission
    ADD CONSTRAINT auth_permission_pkey PRIMARY KEY (id);


--
-- Name: cart_cart cart_cart_pkey; Type: CONSTRAINT; Schema: public; Owner: enclopedia_administrator
--

ALTER TABLE ONLY public.cart_cart
    ADD CONSTRAINT cart_cart_pkey PRIMARY KEY (id);


--
-- Name: cart_cartitem cart_cartitem_pkey; Type: CONSTRAINT; Schema: public; Owner: enclopedia_administrator
--

ALTER TABLE ONLY public.cart_cartitem
    ADD CONSTRAINT cart_cartitem_pkey PRIMARY KEY (id);


--
-- Name: cart_cartitem_variation cart_cartitem_variation_cartitem_id_variation_id_2623cf4b_uniq; Type: CONSTRAINT; Schema: public; Owner: enclopedia_administrator
--

ALTER TABLE ONLY public.cart_cartitem_variation
    ADD CONSTRAINT cart_cartitem_variation_cartitem_id_variation_id_2623cf4b_uniq UNIQUE (cartitem_id, variation_id);


--
-- Name: cart_cartitem_variation cart_cartitem_variation_pkey; Type: CONSTRAINT; Schema: public; Owner: enclopedia_administrator
--

ALTER TABLE ONLY public.cart_cartitem_variation
    ADD CONSTRAINT cart_cartitem_variation_pkey PRIMARY KEY (id);


--
-- Name: category_brand category_brand_brand_name_key; Type: CONSTRAINT; Schema: public; Owner: enclopedia_administrator
--

ALTER TABLE ONLY public.category_brand
    ADD CONSTRAINT category_brand_brand_name_key UNIQUE (brand_name);


--
-- Name: category_brand category_brand_pkey; Type: CONSTRAINT; Schema: public; Owner: enclopedia_administrator
--

ALTER TABLE ONLY public.category_brand
    ADD CONSTRAINT category_brand_pkey PRIMARY KEY (id);


--
-- Name: category_category category_category_category_name_key; Type: CONSTRAINT; Schema: public; Owner: enclopedia_administrator
--

ALTER TABLE ONLY public.category_category
    ADD CONSTRAINT category_category_category_name_key UNIQUE (category_name);


--
-- Name: category_category category_category_pkey; Type: CONSTRAINT; Schema: public; Owner: enclopedia_administrator
--

ALTER TABLE ONLY public.category_category
    ADD CONSTRAINT category_category_pkey PRIMARY KEY (id);


--
-- Name: category_type category_type_pkey; Type: CONSTRAINT; Schema: public; Owner: enclopedia_administrator
--

ALTER TABLE ONLY public.category_type
    ADD CONSTRAINT category_type_pkey PRIMARY KEY (id);


--
-- Name: category_type category_type_type_name_key; Type: CONSTRAINT; Schema: public; Owner: enclopedia_administrator
--

ALTER TABLE ONLY public.category_type
    ADD CONSTRAINT category_type_type_name_key UNIQUE (category_name);


--
-- Name: closet_closet closet_closet_pkey; Type: CONSTRAINT; Schema: public; Owner: enclopedia_administrator
--

ALTER TABLE ONLY public.closet_closet
    ADD CONSTRAINT closet_closet_pkey PRIMARY KEY (id);


--
-- Name: closet_cloth closet_cloth_pkey; Type: CONSTRAINT; Schema: public; Owner: enclopedia_administrator
--

ALTER TABLE ONLY public.closet_cloth
    ADD CONSTRAINT closet_cloth_pkey PRIMARY KEY (id);


--
-- Name: django_admin_log django_admin_log_pkey; Type: CONSTRAINT; Schema: public; Owner: enclopedia_administrator
--

ALTER TABLE ONLY public.django_admin_log
    ADD CONSTRAINT django_admin_log_pkey PRIMARY KEY (id);


--
-- Name: django_content_type django_content_type_app_label_model_76bd3d3b_uniq; Type: CONSTRAINT; Schema: public; Owner: enclopedia_administrator
--

ALTER TABLE ONLY public.django_content_type
    ADD CONSTRAINT django_content_type_app_label_model_76bd3d3b_uniq UNIQUE (app_label, model);


--
-- Name: django_content_type django_content_type_pkey; Type: CONSTRAINT; Schema: public; Owner: enclopedia_administrator
--

ALTER TABLE ONLY public.django_content_type
    ADD CONSTRAINT django_content_type_pkey PRIMARY KEY (id);


--
-- Name: django_migrations django_migrations_pkey; Type: CONSTRAINT; Schema: public; Owner: enclopedia_administrator
--

ALTER TABLE ONLY public.django_migrations
    ADD CONSTRAINT django_migrations_pkey PRIMARY KEY (id);


--
-- Name: django_rest_passwordreset_resetpasswordtoken django_rest_passwordreset_resetpasswordtoken_key_f1b65873_uniq; Type: CONSTRAINT; Schema: public; Owner: enclopedia_administrator
--

ALTER TABLE ONLY public.django_rest_passwordreset_resetpasswordtoken
    ADD CONSTRAINT django_rest_passwordreset_resetpasswordtoken_key_f1b65873_uniq UNIQUE (key);


--
-- Name: django_rest_passwordreset_resetpasswordtoken django_rest_passwordreset_resetpasswordtoken_pkey; Type: CONSTRAINT; Schema: public; Owner: enclopedia_administrator
--

ALTER TABLE ONLY public.django_rest_passwordreset_resetpasswordtoken
    ADD CONSTRAINT django_rest_passwordreset_resetpasswordtoken_pkey PRIMARY KEY (id);


--
-- Name: django_session django_session_pkey; Type: CONSTRAINT; Schema: public; Owner: enclopedia_administrator
--

ALTER TABLE ONLY public.django_session
    ADD CONSTRAINT django_session_pkey PRIMARY KEY (session_key);


--
-- Name: django_site django_site_domain_a2e37b91_uniq; Type: CONSTRAINT; Schema: public; Owner: enclopedia_administrator
--

ALTER TABLE ONLY public.django_site
    ADD CONSTRAINT django_site_domain_a2e37b91_uniq UNIQUE (domain);


--
-- Name: django_site django_site_pkey; Type: CONSTRAINT; Schema: public; Owner: enclopedia_administrator
--

ALTER TABLE ONLY public.django_site
    ADD CONSTRAINT django_site_pkey PRIMARY KEY (id);


--
-- Name: notification_news notification_news_pkey; Type: CONSTRAINT; Schema: public; Owner: enclopedia_administrator
--

ALTER TABLE ONLY public.notification_news
    ADD CONSTRAINT notification_news_pkey PRIMARY KEY (id);


--
-- Name: notification_notification notification_notification_pkey; Type: CONSTRAINT; Schema: public; Owner: enclopedia_administrator
--

ALTER TABLE ONLY public.notification_notification
    ADD CONSTRAINT notification_notification_pkey PRIMARY KEY (id);


--
-- Name: notification_read notification_read_pkey; Type: CONSTRAINT; Schema: public; Owner: enclopedia_administrator
--

ALTER TABLE ONLY public.notification_read
    ADD CONSTRAINT notification_read_pkey PRIMARY KEY (id);


--
-- Name: product_imagegallary product_imagegallary_pkey; Type: CONSTRAINT; Schema: public; Owner: enclopedia_administrator
--

ALTER TABLE ONLY public.product_imagegallary
    ADD CONSTRAINT product_imagegallary_pkey PRIMARY KEY (id);


--
-- Name: product_price product_price_pkey; Type: CONSTRAINT; Schema: public; Owner: enclopedia_administrator
--

ALTER TABLE ONLY public.product_price
    ADD CONSTRAINT product_price_pkey PRIMARY KEY (id);


--
-- Name: product_product product_product_pkey; Type: CONSTRAINT; Schema: public; Owner: enclopedia_administrator
--

ALTER TABLE ONLY public.product_product
    ADD CONSTRAINT product_product_pkey PRIMARY KEY (id);


--
-- Name: product_product_tag product_product_tag_pkey; Type: CONSTRAINT; Schema: public; Owner: enclopedia_administrator
--

ALTER TABLE ONLY public.product_product_tag
    ADD CONSTRAINT product_product_tag_pkey PRIMARY KEY (id);


--
-- Name: product_product_tag product_product_tag_product_id_tag_id_c15ed811_uniq; Type: CONSTRAINT; Schema: public; Owner: enclopedia_administrator
--

ALTER TABLE ONLY public.product_product_tag
    ADD CONSTRAINT product_product_tag_product_id_tag_id_c15ed811_uniq UNIQUE (product_id, tag_id);


--
-- Name: product_reviewrating product_reviewrating_pkey; Type: CONSTRAINT; Schema: public; Owner: enclopedia_administrator
--

ALTER TABLE ONLY public.product_reviewrating
    ADD CONSTRAINT product_reviewrating_pkey PRIMARY KEY (id);


--
-- Name: product_reviewratinggallery product_reviewratinggallery_pkey; Type: CONSTRAINT; Schema: public; Owner: enclopedia_administrator
--

ALTER TABLE ONLY public.product_reviewratinggallery
    ADD CONSTRAINT product_reviewratinggallery_pkey PRIMARY KEY (id);


--
-- Name: product_shipping product_shipping_pkey; Type: CONSTRAINT; Schema: public; Owner: enclopedia_administrator
--

ALTER TABLE ONLY public.product_shipping
    ADD CONSTRAINT product_shipping_pkey PRIMARY KEY (id);


--
-- Name: product_size product_size_pkey; Type: CONSTRAINT; Schema: public; Owner: enclopedia_administrator
--

ALTER TABLE ONLY public.product_size
    ADD CONSTRAINT product_size_pkey PRIMARY KEY (id);


--
-- Name: product_tag product_tag_pkey; Type: CONSTRAINT; Schema: public; Owner: enclopedia_administrator
--

ALTER TABLE ONLY public.product_tag
    ADD CONSTRAINT product_tag_pkey PRIMARY KEY (id);


--
-- Name: product_tag product_tag_tag_name_key; Type: CONSTRAINT; Schema: public; Owner: enclopedia_administrator
--

ALTER TABLE ONLY public.product_tag
    ADD CONSTRAINT product_tag_tag_name_key UNIQUE (tag_name);


--
-- Name: product_variation product_variation_pkey; Type: CONSTRAINT; Schema: public; Owner: enclopedia_administrator
--

ALTER TABLE ONLY public.product_variation
    ADD CONSTRAINT product_variation_pkey PRIMARY KEY (id);


--
-- Name: reservation_reservation reservation_reservation_pkey; Type: CONSTRAINT; Schema: public; Owner: enclopedia_administrator
--

ALTER TABLE ONLY public.reservation_reservation
    ADD CONSTRAINT reservation_reservation_pkey PRIMARY KEY (id);


--
-- Name: reservation_reservationitem_variation reservation_reservationi_reservationitem_id_varia_d6a64403_uniq; Type: CONSTRAINT; Schema: public; Owner: enclopedia_administrator
--

ALTER TABLE ONLY public.reservation_reservationitem_variation
    ADD CONSTRAINT reservation_reservationi_reservationitem_id_varia_d6a64403_uniq UNIQUE (reservationitem_id, variation_id);


--
-- Name: reservation_reservationitem reservation_reservationitem_pkey; Type: CONSTRAINT; Schema: public; Owner: enclopedia_administrator
--

ALTER TABLE ONLY public.reservation_reservationitem
    ADD CONSTRAINT reservation_reservationitem_pkey PRIMARY KEY (id);


--
-- Name: reservation_reservationitem_variation reservation_reservationitem_variation_pkey; Type: CONSTRAINT; Schema: public; Owner: enclopedia_administrator
--

ALTER TABLE ONLY public.reservation_reservationitem_variation
    ADD CONSTRAINT reservation_reservationitem_variation_pkey PRIMARY KEY (id);


--
-- Name: socialaccount_socialaccount socialaccount_socialaccount_pkey; Type: CONSTRAINT; Schema: public; Owner: enclopedia_administrator
--

ALTER TABLE ONLY public.socialaccount_socialaccount
    ADD CONSTRAINT socialaccount_socialaccount_pkey PRIMARY KEY (id);


--
-- Name: socialaccount_socialaccount socialaccount_socialaccount_provider_uid_fc810c6e_uniq; Type: CONSTRAINT; Schema: public; Owner: enclopedia_administrator
--

ALTER TABLE ONLY public.socialaccount_socialaccount
    ADD CONSTRAINT socialaccount_socialaccount_provider_uid_fc810c6e_uniq UNIQUE (provider, uid);


--
-- Name: socialaccount_socialapp_sites socialaccount_socialapp__socialapp_id_site_id_71a9a768_uniq; Type: CONSTRAINT; Schema: public; Owner: enclopedia_administrator
--

ALTER TABLE ONLY public.socialaccount_socialapp_sites
    ADD CONSTRAINT socialaccount_socialapp__socialapp_id_site_id_71a9a768_uniq UNIQUE (socialapp_id, site_id);


--
-- Name: socialaccount_socialapp socialaccount_socialapp_pkey; Type: CONSTRAINT; Schema: public; Owner: enclopedia_administrator
--

ALTER TABLE ONLY public.socialaccount_socialapp
    ADD CONSTRAINT socialaccount_socialapp_pkey PRIMARY KEY (id);


--
-- Name: socialaccount_socialapp_sites socialaccount_socialapp_sites_pkey; Type: CONSTRAINT; Schema: public; Owner: enclopedia_administrator
--

ALTER TABLE ONLY public.socialaccount_socialapp_sites
    ADD CONSTRAINT socialaccount_socialapp_sites_pkey PRIMARY KEY (id);


--
-- Name: socialaccount_socialtoken socialaccount_socialtoken_app_id_account_id_fca4e0ac_uniq; Type: CONSTRAINT; Schema: public; Owner: enclopedia_administrator
--

ALTER TABLE ONLY public.socialaccount_socialtoken
    ADD CONSTRAINT socialaccount_socialtoken_app_id_account_id_fca4e0ac_uniq UNIQUE (app_id, account_id);


--
-- Name: socialaccount_socialtoken socialaccount_socialtoken_pkey; Type: CONSTRAINT; Schema: public; Owner: enclopedia_administrator
--

ALTER TABLE ONLY public.socialaccount_socialtoken
    ADD CONSTRAINT socialaccount_socialtoken_pkey PRIMARY KEY (id);


--
-- Name: subscription_stripeaccount subscription_stripeaccount_pkey; Type: CONSTRAINT; Schema: public; Owner: enclopedia_administrator
--

ALTER TABLE ONLY public.subscription_stripeaccount
    ADD CONSTRAINT subscription_stripeaccount_pkey PRIMARY KEY (id);


--
-- Name: subscription_stripeaccount subscription_stripeaccount_user_id_id_key; Type: CONSTRAINT; Schema: public; Owner: enclopedia_administrator
--

ALTER TABLE ONLY public.subscription_stripeaccount
    ADD CONSTRAINT subscription_stripeaccount_user_id_id_key UNIQUE (user_id_id);


--
-- Name: user_account user_account_email_key; Type: CONSTRAINT; Schema: public; Owner: enclopedia_administrator
--

ALTER TABLE ONLY public.user_account
    ADD CONSTRAINT user_account_email_key UNIQUE (email);


--
-- Name: user_account user_account_pkey; Type: CONSTRAINT; Schema: public; Owner: enclopedia_administrator
--

ALTER TABLE ONLY public.user_account
    ADD CONSTRAINT user_account_pkey PRIMARY KEY (id);


--
-- Name: user_adress user_adress_phoneNubmer_key; Type: CONSTRAINT; Schema: public; Owner: enclopedia_administrator
--

ALTER TABLE ONLY public.user_adress
    ADD CONSTRAINT "user_adress_phoneNubmer_key" UNIQUE ("phoneNumber");


--
-- Name: user_adress user_adress_pkey; Type: CONSTRAINT; Schema: public; Owner: enclopedia_administrator
--

ALTER TABLE ONLY public.user_adress
    ADD CONSTRAINT user_adress_pkey PRIMARY KEY (id);


--
-- Name: user_adress user_adress_user_id_key; Type: CONSTRAINT; Schema: public; Owner: enclopedia_administrator
--

ALTER TABLE ONLY public.user_adress
    ADD CONSTRAINT user_adress_user_id_key UNIQUE (user_id);


--
-- Name: user_emailsubscribe user_emailsubscribe_email_subscirbe_id_key; Type: CONSTRAINT; Schema: public; Owner: enclopedia_administrator
--

ALTER TABLE ONLY public.user_emailsubscribe
    ADD CONSTRAINT user_emailsubscribe_email_subscirbe_id_key UNIQUE (user_id);


--
-- Name: user_emailsubscribe user_emailsubscribe_pkey; Type: CONSTRAINT; Schema: public; Owner: enclopedia_administrator
--

ALTER TABLE ONLY public.user_emailsubscribe
    ADD CONSTRAINT user_emailsubscribe_pkey PRIMARY KEY (id);


--
-- Name: user_profile user_profile_pkey; Type: CONSTRAINT; Schema: public; Owner: enclopedia_administrator
--

ALTER TABLE ONLY public.user_profile
    ADD CONSTRAINT user_profile_pkey PRIMARY KEY (id);


--
-- Name: user_profile user_profile_user_id_key; Type: CONSTRAINT; Schema: public; Owner: enclopedia_administrator
--

ALTER TABLE ONLY public.user_profile
    ADD CONSTRAINT user_profile_user_id_key UNIQUE (user_id);


--
-- Name: account_emailaddress_email_03be32b2_like; Type: INDEX; Schema: public; Owner: enclopedia_administrator
--

CREATE INDEX account_emailaddress_email_03be32b2_like ON public.account_emailaddress USING btree (email varchar_pattern_ops);


--
-- Name: account_emailaddress_user_id_2c513194; Type: INDEX; Schema: public; Owner: enclopedia_administrator
--

CREATE INDEX account_emailaddress_user_id_2c513194 ON public.account_emailaddress USING btree (user_id);


--
-- Name: account_emailconfirmation_email_address_id_5b7f8c58; Type: INDEX; Schema: public; Owner: enclopedia_administrator
--

CREATE INDEX account_emailconfirmation_email_address_id_5b7f8c58 ON public.account_emailconfirmation USING btree (email_address_id);


--
-- Name: account_emailconfirmation_key_f43612bd_like; Type: INDEX; Schema: public; Owner: enclopedia_administrator
--

CREATE INDEX account_emailconfirmation_key_f43612bd_like ON public.account_emailconfirmation USING btree (key varchar_pattern_ops);


--
-- Name: account_history_favorite_product_id_cf3aefa8; Type: INDEX; Schema: public; Owner: enclopedia_administrator
--

CREATE INDEX account_history_favorite_product_id_cf3aefa8 ON public.account_history_favorite USING btree (product_id);


--
-- Name: account_history_favorite_user_id_b09114cd; Type: INDEX; Schema: public; Owner: enclopedia_administrator
--

CREATE INDEX account_history_favorite_user_id_b09114cd ON public.account_history_favorite USING btree (user_id);


--
-- Name: analytics_cardadditem_brand_id_863beb43; Type: INDEX; Schema: public; Owner: enclopedia_administrator
--

CREATE INDEX analytics_cardadditem_brand_id_863beb43 ON public.analytics_cartadditem USING btree (brand_id);


--
-- Name: analytics_cardadditem_product_id_3e0d881e; Type: INDEX; Schema: public; Owner: enclopedia_administrator
--

CREATE INDEX analytics_cardadditem_product_id_3e0d881e ON public.analytics_cartadditem USING btree (product_id);


--
-- Name: analytics_featured_product_id_500cf333; Type: INDEX; Schema: public; Owner: enclopedia_administrator
--

CREATE INDEX analytics_featured_product_id_500cf333 ON public.analytics_featured USING btree (product_id);


--
-- Name: analytics_featuredbrand_brand_id_be328048; Type: INDEX; Schema: public; Owner: enclopedia_administrator
--

CREATE INDEX analytics_featuredbrand_brand_id_be328048 ON public.analytics_featuredbrand USING btree (brand_id);


--
-- Name: auth_group_name_a6ea08ec_like; Type: INDEX; Schema: public; Owner: enclopedia_administrator
--

CREATE INDEX auth_group_name_a6ea08ec_like ON public.auth_group USING btree (name varchar_pattern_ops);


--
-- Name: auth_group_permissions_group_id_b120cbf9; Type: INDEX; Schema: public; Owner: enclopedia_administrator
--

CREATE INDEX auth_group_permissions_group_id_b120cbf9 ON public.auth_group_permissions USING btree (group_id);


--
-- Name: auth_group_permissions_permission_id_84c5c92e; Type: INDEX; Schema: public; Owner: enclopedia_administrator
--

CREATE INDEX auth_group_permissions_permission_id_84c5c92e ON public.auth_group_permissions USING btree (permission_id);


--
-- Name: auth_permission_content_type_id_2f476e4b; Type: INDEX; Schema: public; Owner: enclopedia_administrator
--

CREATE INDEX auth_permission_content_type_id_2f476e4b ON public.auth_permission USING btree (content_type_id);


--
-- Name: cart_cart_user_id_9b4220b9; Type: INDEX; Schema: public; Owner: enclopedia_administrator
--

CREATE INDEX cart_cart_user_id_9b4220b9 ON public.cart_cart USING btree (user_id);


--
-- Name: cart_cartitem_cart_id_370ad265; Type: INDEX; Schema: public; Owner: enclopedia_administrator
--

CREATE INDEX cart_cartitem_cart_id_370ad265 ON public.cart_cartitem USING btree (cart_id);


--
-- Name: cart_cartitem_product_id_b24e265a; Type: INDEX; Schema: public; Owner: enclopedia_administrator
--

CREATE INDEX cart_cartitem_product_id_b24e265a ON public.cart_cartitem USING btree (product_id);


--
-- Name: cart_cartitem_variation_cartitem_id_9f0105e3; Type: INDEX; Schema: public; Owner: enclopedia_administrator
--

CREATE INDEX cart_cartitem_variation_cartitem_id_9f0105e3 ON public.cart_cartitem_variation USING btree (cartitem_id);


--
-- Name: cart_cartitem_variation_variation_id_59bfc420; Type: INDEX; Schema: public; Owner: enclopedia_administrator
--

CREATE INDEX cart_cartitem_variation_variation_id_59bfc420 ON public.cart_cartitem_variation USING btree (variation_id);


--
-- Name: category_brand_brand_name_2c630678_like; Type: INDEX; Schema: public; Owner: enclopedia_administrator
--

CREATE INDEX category_brand_brand_name_2c630678_like ON public.category_brand USING btree (brand_name varchar_pattern_ops);


--
-- Name: category_category_category_name_1aa3ee61_like; Type: INDEX; Schema: public; Owner: enclopedia_administrator
--

CREATE INDEX category_category_category_name_1aa3ee61_like ON public.category_category USING btree (category_name varchar_pattern_ops);


--
-- Name: category_category_type_id_840d3ebd; Type: INDEX; Schema: public; Owner: enclopedia_administrator
--

CREATE INDEX category_category_type_id_840d3ebd ON public.category_category USING btree (type_id);


--
-- Name: category_type_type_name_d9b1311c_like; Type: INDEX; Schema: public; Owner: enclopedia_administrator
--

CREATE INDEX category_type_type_name_d9b1311c_like ON public.category_type USING btree (category_name varchar_pattern_ops);


--
-- Name: closet_closet_user_id_dbc29681; Type: INDEX; Schema: public; Owner: enclopedia_administrator
--

CREATE INDEX closet_closet_user_id_dbc29681 ON public.closet_closet USING btree (user_id);


--
-- Name: closet_cloth_closet_id_7ba57a5c; Type: INDEX; Schema: public; Owner: enclopedia_administrator
--

CREATE INDEX closet_cloth_closet_id_7ba57a5c ON public.closet_cloth USING btree (closet_id);


--
-- Name: closet_cloth_product_id_95f91934; Type: INDEX; Schema: public; Owner: enclopedia_administrator
--

CREATE INDEX closet_cloth_product_id_95f91934 ON public.closet_cloth USING btree (product_id);


--
-- Name: django_admin_log_content_type_id_c4bce8eb; Type: INDEX; Schema: public; Owner: enclopedia_administrator
--

CREATE INDEX django_admin_log_content_type_id_c4bce8eb ON public.django_admin_log USING btree (content_type_id);


--
-- Name: django_admin_log_user_id_c564eba6; Type: INDEX; Schema: public; Owner: enclopedia_administrator
--

CREATE INDEX django_admin_log_user_id_c564eba6 ON public.django_admin_log USING btree (user_id);


--
-- Name: django_rest_passwordreset_resetpasswordtoken_key_f1b65873_like; Type: INDEX; Schema: public; Owner: enclopedia_administrator
--

CREATE INDEX django_rest_passwordreset_resetpasswordtoken_key_f1b65873_like ON public.django_rest_passwordreset_resetpasswordtoken USING btree (key varchar_pattern_ops);


--
-- Name: django_rest_passwordreset_resetpasswordtoken_user_id_e8015b11; Type: INDEX; Schema: public; Owner: enclopedia_administrator
--

CREATE INDEX django_rest_passwordreset_resetpasswordtoken_user_id_e8015b11 ON public.django_rest_passwordreset_resetpasswordtoken USING btree (user_id);


--
-- Name: django_session_expire_date_a5c62663; Type: INDEX; Schema: public; Owner: enclopedia_administrator
--

CREATE INDEX django_session_expire_date_a5c62663 ON public.django_session USING btree (expire_date);


--
-- Name: django_session_session_key_c0390e0f_like; Type: INDEX; Schema: public; Owner: enclopedia_administrator
--

CREATE INDEX django_session_session_key_c0390e0f_like ON public.django_session USING btree (session_key varchar_pattern_ops);


--
-- Name: django_site_domain_a2e37b91_like; Type: INDEX; Schema: public; Owner: enclopedia_administrator
--

CREATE INDEX django_site_domain_a2e37b91_like ON public.django_site USING btree (domain varchar_pattern_ops);


--
-- Name: notification_notification_user_id_e9d6f5f4; Type: INDEX; Schema: public; Owner: enclopedia_administrator
--

CREATE INDEX notification_notification_user_id_e9d6f5f4 ON public.notification_notification USING btree (user_id);


--
-- Name: notification_read_account_id_7e504095; Type: INDEX; Schema: public; Owner: enclopedia_administrator
--

CREATE INDEX notification_read_account_id_7e504095 ON public.notification_read USING btree (account_id);


--
-- Name: notification_read_content_type_id_9e905af6; Type: INDEX; Schema: public; Owner: enclopedia_administrator
--

CREATE INDEX notification_read_content_type_id_9e905af6 ON public.notification_read USING btree (content_type_id);


--
-- Name: product_imagegallary_product_id_6982fb89; Type: INDEX; Schema: public; Owner: enclopedia_administrator
--

CREATE INDEX product_imagegallary_product_id_6982fb89 ON public.product_imagegallary USING btree (product_id);


--
-- Name: product_price_shipping_id_fb542ea1; Type: INDEX; Schema: public; Owner: enclopedia_administrator
--

CREATE INDEX product_price_shipping_id_fb542ea1 ON public.product_price USING btree (shipping_id);


--
-- Name: product_product_brand_id_fcf1b3f3; Type: INDEX; Schema: public; Owner: enclopedia_administrator
--

CREATE INDEX product_product_brand_id_fcf1b3f3 ON public.product_product USING btree (brand_id);


--
-- Name: product_product_category_id_0c725779; Type: INDEX; Schema: public; Owner: enclopedia_administrator
--

CREATE INDEX product_product_category_id_0c725779 ON public.product_product USING btree (category_id);


--
-- Name: product_product_price_id_064f753b; Type: INDEX; Schema: public; Owner: enclopedia_administrator
--

CREATE INDEX product_product_price_id_064f753b ON public.product_product USING btree (price_id);


--
-- Name: product_product_tag_product_id_456d9764; Type: INDEX; Schema: public; Owner: enclopedia_administrator
--

CREATE INDEX product_product_tag_product_id_456d9764 ON public.product_product_tag USING btree (product_id);


--
-- Name: product_product_tag_tag_id_fe2f1952; Type: INDEX; Schema: public; Owner: enclopedia_administrator
--

CREATE INDEX product_product_tag_tag_id_fe2f1952 ON public.product_product_tag USING btree (tag_id);


--
-- Name: product_reviewrating_product_id_f1f1b7f2; Type: INDEX; Schema: public; Owner: enclopedia_administrator
--

CREATE INDEX product_reviewrating_product_id_f1f1b7f2 ON public.product_reviewrating USING btree (product_id);


--
-- Name: product_reviewrating_user_id_eb1639b0; Type: INDEX; Schema: public; Owner: enclopedia_administrator
--

CREATE INDEX product_reviewrating_user_id_eb1639b0 ON public.product_reviewrating USING btree (user_id);


--
-- Name: product_reviewratinggallery_review_id_311ccf86; Type: INDEX; Schema: public; Owner: enclopedia_administrator
--

CREATE INDEX product_reviewratinggallery_review_id_311ccf86 ON public.product_reviewratinggallery USING btree (review_id);


--
-- Name: product_size_product_id_0bc1e6fa; Type: INDEX; Schema: public; Owner: enclopedia_administrator
--

CREATE INDEX product_size_product_id_0bc1e6fa ON public.product_size USING btree (product_id);


--
-- Name: product_tag_tag_name_d9b5a836_like; Type: INDEX; Schema: public; Owner: enclopedia_administrator
--

CREATE INDEX product_tag_tag_name_d9b5a836_like ON public.product_tag USING btree (tag_name varchar_pattern_ops);


--
-- Name: product_variation_product_id_c2273cd9; Type: INDEX; Schema: public; Owner: enclopedia_administrator
--

CREATE INDEX product_variation_product_id_c2273cd9 ON public.product_variation USING btree (product_id);


--
-- Name: reservation_reservation_adress_id_eff50680; Type: INDEX; Schema: public; Owner: enclopedia_administrator
--

CREATE INDEX reservation_reservation_adress_id_eff50680 ON public.reservation_reservation USING btree (adress_id);


--
-- Name: reservation_reservation_user_id_261c5876; Type: INDEX; Schema: public; Owner: enclopedia_administrator
--

CREATE INDEX reservation_reservation_user_id_261c5876 ON public.reservation_reservation USING btree (user_id);


--
-- Name: reservation_reservationite_reservationitem_id_38877033; Type: INDEX; Schema: public; Owner: enclopedia_administrator
--

CREATE INDEX reservation_reservationite_reservationitem_id_38877033 ON public.reservation_reservationitem_variation USING btree (reservationitem_id);


--
-- Name: reservation_reservationitem_product_id_09f41d8c; Type: INDEX; Schema: public; Owner: enclopedia_administrator
--

CREATE INDEX reservation_reservationitem_product_id_09f41d8c ON public.reservation_reservationitem USING btree (product_id);


--
-- Name: reservation_reservationitem_reservation_id_fbabf71d; Type: INDEX; Schema: public; Owner: enclopedia_administrator
--

CREATE INDEX reservation_reservationitem_reservation_id_fbabf71d ON public.reservation_reservationitem USING btree (reservation_id);


--
-- Name: reservation_reservationitem_variation_variation_id_0993bcc2; Type: INDEX; Schema: public; Owner: enclopedia_administrator
--

CREATE INDEX reservation_reservationitem_variation_variation_id_0993bcc2 ON public.reservation_reservationitem_variation USING btree (variation_id);


--
-- Name: socialaccount_socialaccount_user_id_8146e70c; Type: INDEX; Schema: public; Owner: enclopedia_administrator
--

CREATE INDEX socialaccount_socialaccount_user_id_8146e70c ON public.socialaccount_socialaccount USING btree (user_id);


--
-- Name: socialaccount_socialapp_sites_site_id_2579dee5; Type: INDEX; Schema: public; Owner: enclopedia_administrator
--

CREATE INDEX socialaccount_socialapp_sites_site_id_2579dee5 ON public.socialaccount_socialapp_sites USING btree (site_id);


--
-- Name: socialaccount_socialapp_sites_socialapp_id_97fb6e7d; Type: INDEX; Schema: public; Owner: enclopedia_administrator
--

CREATE INDEX socialaccount_socialapp_sites_socialapp_id_97fb6e7d ON public.socialaccount_socialapp_sites USING btree (socialapp_id);


--
-- Name: socialaccount_socialtoken_account_id_951f210e; Type: INDEX; Schema: public; Owner: enclopedia_administrator
--

CREATE INDEX socialaccount_socialtoken_account_id_951f210e ON public.socialaccount_socialtoken USING btree (account_id);


--
-- Name: socialaccount_socialtoken_app_id_636a42d7; Type: INDEX; Schema: public; Owner: enclopedia_administrator
--

CREATE INDEX socialaccount_socialtoken_app_id_636a42d7 ON public.socialaccount_socialtoken USING btree (app_id);


--
-- Name: user_account_email_d74bf2f6_like; Type: INDEX; Schema: public; Owner: enclopedia_administrator
--

CREATE INDEX user_account_email_d74bf2f6_like ON public.user_account USING btree (email varchar_pattern_ops);


--
-- Name: user_adress_phoneNubmer_45f212eb_like; Type: INDEX; Schema: public; Owner: enclopedia_administrator
--

CREATE INDEX "user_adress_phoneNubmer_45f212eb_like" ON public.user_adress USING btree ("phoneNumber" varchar_pattern_ops);


--
-- Name: account_emailaddress account_emailaddress_user_id_2c513194_fk_user_account_id; Type: FK CONSTRAINT; Schema: public; Owner: enclopedia_administrator
--

ALTER TABLE ONLY public.account_emailaddress
    ADD CONSTRAINT account_emailaddress_user_id_2c513194_fk_user_account_id FOREIGN KEY (user_id) REFERENCES public.user_account(id) DEFERRABLE INITIALLY DEFERRED;


--
-- Name: account_emailconfirmation account_emailconfirm_email_address_id_5b7f8c58_fk_account_e; Type: FK CONSTRAINT; Schema: public; Owner: enclopedia_administrator
--

ALTER TABLE ONLY public.account_emailconfirmation
    ADD CONSTRAINT account_emailconfirm_email_address_id_5b7f8c58_fk_account_e FOREIGN KEY (email_address_id) REFERENCES public.account_emailaddress(id) DEFERRABLE INITIALLY DEFERRED;


--
-- Name: account_history_favorite account_history_favo_product_id_cf3aefa8_fk_product_p; Type: FK CONSTRAINT; Schema: public; Owner: enclopedia_administrator
--

ALTER TABLE ONLY public.account_history_favorite
    ADD CONSTRAINT account_history_favo_product_id_cf3aefa8_fk_product_p FOREIGN KEY (product_id) REFERENCES public.product_product(id) DEFERRABLE INITIALLY DEFERRED;


--
-- Name: account_history_favorite account_history_favorite_user_id_b09114cd_fk_user_account_id; Type: FK CONSTRAINT; Schema: public; Owner: enclopedia_administrator
--

ALTER TABLE ONLY public.account_history_favorite
    ADD CONSTRAINT account_history_favorite_user_id_b09114cd_fk_user_account_id FOREIGN KEY (user_id) REFERENCES public.user_account(id) DEFERRABLE INITIALLY DEFERRED;


--
-- Name: analytics_cartadditem analytics_cardadditem_brand_id_863beb43_fk_category_brand_id; Type: FK CONSTRAINT; Schema: public; Owner: enclopedia_administrator
--

ALTER TABLE ONLY public.analytics_cartadditem
    ADD CONSTRAINT analytics_cardadditem_brand_id_863beb43_fk_category_brand_id FOREIGN KEY (brand_id) REFERENCES public.category_brand(id) DEFERRABLE INITIALLY DEFERRED;


--
-- Name: analytics_cartadditem analytics_cardadditem_product_id_3e0d881e_fk_product_product_id; Type: FK CONSTRAINT; Schema: public; Owner: enclopedia_administrator
--

ALTER TABLE ONLY public.analytics_cartadditem
    ADD CONSTRAINT analytics_cardadditem_product_id_3e0d881e_fk_product_product_id FOREIGN KEY (product_id) REFERENCES public.product_product(id) DEFERRABLE INITIALLY DEFERRED;


--
-- Name: analytics_featured analytics_featured_product_id_500cf333_fk_product_product_id; Type: FK CONSTRAINT; Schema: public; Owner: enclopedia_administrator
--

ALTER TABLE ONLY public.analytics_featured
    ADD CONSTRAINT analytics_featured_product_id_500cf333_fk_product_product_id FOREIGN KEY (product_id) REFERENCES public.product_product(id) DEFERRABLE INITIALLY DEFERRED;


--
-- Name: analytics_featuredbrand analytics_featuredbrand_brand_id_be328048_fk_category_brand_id; Type: FK CONSTRAINT; Schema: public; Owner: enclopedia_administrator
--

ALTER TABLE ONLY public.analytics_featuredbrand
    ADD CONSTRAINT analytics_featuredbrand_brand_id_be328048_fk_category_brand_id FOREIGN KEY (brand_id) REFERENCES public.category_brand(id) DEFERRABLE INITIALLY DEFERRED;


--
-- Name: auth_group_permissions auth_group_permissio_permission_id_84c5c92e_fk_auth_perm; Type: FK CONSTRAINT; Schema: public; Owner: enclopedia_administrator
--

ALTER TABLE ONLY public.auth_group_permissions
    ADD CONSTRAINT auth_group_permissio_permission_id_84c5c92e_fk_auth_perm FOREIGN KEY (permission_id) REFERENCES public.auth_permission(id) DEFERRABLE INITIALLY DEFERRED;


--
-- Name: auth_group_permissions auth_group_permissions_group_id_b120cbf9_fk_auth_group_id; Type: FK CONSTRAINT; Schema: public; Owner: enclopedia_administrator
--

ALTER TABLE ONLY public.auth_group_permissions
    ADD CONSTRAINT auth_group_permissions_group_id_b120cbf9_fk_auth_group_id FOREIGN KEY (group_id) REFERENCES public.auth_group(id) DEFERRABLE INITIALLY DEFERRED;


--
-- Name: auth_permission auth_permission_content_type_id_2f476e4b_fk_django_co; Type: FK CONSTRAINT; Schema: public; Owner: enclopedia_administrator
--

ALTER TABLE ONLY public.auth_permission
    ADD CONSTRAINT auth_permission_content_type_id_2f476e4b_fk_django_co FOREIGN KEY (content_type_id) REFERENCES public.django_content_type(id) DEFERRABLE INITIALLY DEFERRED;


--
-- Name: cart_cart cart_cart_user_id_9b4220b9_fk_user_account_id; Type: FK CONSTRAINT; Schema: public; Owner: enclopedia_administrator
--

ALTER TABLE ONLY public.cart_cart
    ADD CONSTRAINT cart_cart_user_id_9b4220b9_fk_user_account_id FOREIGN KEY (user_id) REFERENCES public.user_account(id) DEFERRABLE INITIALLY DEFERRED;


--
-- Name: cart_cartitem cart_cartitem_cart_id_370ad265_fk_cart_cart_id; Type: FK CONSTRAINT; Schema: public; Owner: enclopedia_administrator
--

ALTER TABLE ONLY public.cart_cartitem
    ADD CONSTRAINT cart_cartitem_cart_id_370ad265_fk_cart_cart_id FOREIGN KEY (cart_id) REFERENCES public.cart_cart(id) DEFERRABLE INITIALLY DEFERRED;


--
-- Name: cart_cartitem cart_cartitem_product_id_b24e265a_fk_product_product_id; Type: FK CONSTRAINT; Schema: public; Owner: enclopedia_administrator
--

ALTER TABLE ONLY public.cart_cartitem
    ADD CONSTRAINT cart_cartitem_product_id_b24e265a_fk_product_product_id FOREIGN KEY (product_id) REFERENCES public.product_product(id) DEFERRABLE INITIALLY DEFERRED;


--
-- Name: cart_cartitem_variation cart_cartitem_variat_cartitem_id_9f0105e3_fk_cart_cart; Type: FK CONSTRAINT; Schema: public; Owner: enclopedia_administrator
--

ALTER TABLE ONLY public.cart_cartitem_variation
    ADD CONSTRAINT cart_cartitem_variat_cartitem_id_9f0105e3_fk_cart_cart FOREIGN KEY (cartitem_id) REFERENCES public.cart_cartitem(id) DEFERRABLE INITIALLY DEFERRED;


--
-- Name: cart_cartitem_variation cart_cartitem_variat_variation_id_59bfc420_fk_product_v; Type: FK CONSTRAINT; Schema: public; Owner: enclopedia_administrator
--

ALTER TABLE ONLY public.cart_cartitem_variation
    ADD CONSTRAINT cart_cartitem_variat_variation_id_59bfc420_fk_product_v FOREIGN KEY (variation_id) REFERENCES public.product_variation(id) DEFERRABLE INITIALLY DEFERRED;


--
-- Name: category_category category_category_type_id_840d3ebd_fk_category_type_id; Type: FK CONSTRAINT; Schema: public; Owner: enclopedia_administrator
--

ALTER TABLE ONLY public.category_category
    ADD CONSTRAINT category_category_type_id_840d3ebd_fk_category_type_id FOREIGN KEY (type_id) REFERENCES public.category_type(id) DEFERRABLE INITIALLY DEFERRED;


--
-- Name: closet_closet closet_closet_user_id_dbc29681_fk_user_account_id; Type: FK CONSTRAINT; Schema: public; Owner: enclopedia_administrator
--

ALTER TABLE ONLY public.closet_closet
    ADD CONSTRAINT closet_closet_user_id_dbc29681_fk_user_account_id FOREIGN KEY (user_id) REFERENCES public.user_account(id) DEFERRABLE INITIALLY DEFERRED;


--
-- Name: closet_cloth closet_cloth_closet_id_7ba57a5c_fk_closet_closet_id; Type: FK CONSTRAINT; Schema: public; Owner: enclopedia_administrator
--

ALTER TABLE ONLY public.closet_cloth
    ADD CONSTRAINT closet_cloth_closet_id_7ba57a5c_fk_closet_closet_id FOREIGN KEY (closet_id) REFERENCES public.closet_closet(id) DEFERRABLE INITIALLY DEFERRED;


--
-- Name: closet_cloth closet_cloth_product_id_95f91934_fk_product_product_id; Type: FK CONSTRAINT; Schema: public; Owner: enclopedia_administrator
--

ALTER TABLE ONLY public.closet_cloth
    ADD CONSTRAINT closet_cloth_product_id_95f91934_fk_product_product_id FOREIGN KEY (product_id) REFERENCES public.product_product(id) DEFERRABLE INITIALLY DEFERRED;


--
-- Name: django_admin_log django_admin_log_content_type_id_c4bce8eb_fk_django_co; Type: FK CONSTRAINT; Schema: public; Owner: enclopedia_administrator
--

ALTER TABLE ONLY public.django_admin_log
    ADD CONSTRAINT django_admin_log_content_type_id_c4bce8eb_fk_django_co FOREIGN KEY (content_type_id) REFERENCES public.django_content_type(id) DEFERRABLE INITIALLY DEFERRED;


--
-- Name: django_admin_log django_admin_log_user_id_c564eba6_fk_user_account_id; Type: FK CONSTRAINT; Schema: public; Owner: enclopedia_administrator
--

ALTER TABLE ONLY public.django_admin_log
    ADD CONSTRAINT django_admin_log_user_id_c564eba6_fk_user_account_id FOREIGN KEY (user_id) REFERENCES public.user_account(id) DEFERRABLE INITIALLY DEFERRED;


--
-- Name: django_rest_passwordreset_resetpasswordtoken django_rest_password_user_id_e8015b11_fk_user_acco; Type: FK CONSTRAINT; Schema: public; Owner: enclopedia_administrator
--

ALTER TABLE ONLY public.django_rest_passwordreset_resetpasswordtoken
    ADD CONSTRAINT django_rest_password_user_id_e8015b11_fk_user_acco FOREIGN KEY (user_id) REFERENCES public.user_account(id) DEFERRABLE INITIALLY DEFERRED;


--
-- Name: notification_notification notification_notification_user_id_e9d6f5f4_fk_user_account_id; Type: FK CONSTRAINT; Schema: public; Owner: enclopedia_administrator
--

ALTER TABLE ONLY public.notification_notification
    ADD CONSTRAINT notification_notification_user_id_e9d6f5f4_fk_user_account_id FOREIGN KEY (user_id) REFERENCES public.user_account(id) DEFERRABLE INITIALLY DEFERRED;


--
-- Name: notification_read notification_read_account_id_7e504095_fk_user_account_id; Type: FK CONSTRAINT; Schema: public; Owner: enclopedia_administrator
--

ALTER TABLE ONLY public.notification_read
    ADD CONSTRAINT notification_read_account_id_7e504095_fk_user_account_id FOREIGN KEY (account_id) REFERENCES public.user_account(id) DEFERRABLE INITIALLY DEFERRED;


--
-- Name: notification_read notification_read_content_type_id_9e905af6_fk_django_co; Type: FK CONSTRAINT; Schema: public; Owner: enclopedia_administrator
--

ALTER TABLE ONLY public.notification_read
    ADD CONSTRAINT notification_read_content_type_id_9e905af6_fk_django_co FOREIGN KEY (content_type_id) REFERENCES public.django_content_type(id) DEFERRABLE INITIALLY DEFERRED;


--
-- Name: product_imagegallary product_imagegallary_product_id_6982fb89_fk_product_product_id; Type: FK CONSTRAINT; Schema: public; Owner: enclopedia_administrator
--

ALTER TABLE ONLY public.product_imagegallary
    ADD CONSTRAINT product_imagegallary_product_id_6982fb89_fk_product_product_id FOREIGN KEY (product_id) REFERENCES public.product_product(id) DEFERRABLE INITIALLY DEFERRED;


--
-- Name: product_price product_price_shipping_id_fb542ea1_fk_product_shipping_id; Type: FK CONSTRAINT; Schema: public; Owner: enclopedia_administrator
--

ALTER TABLE ONLY public.product_price
    ADD CONSTRAINT product_price_shipping_id_fb542ea1_fk_product_shipping_id FOREIGN KEY (shipping_id) REFERENCES public.product_shipping(id) DEFERRABLE INITIALLY DEFERRED;


--
-- Name: product_product product_product_brand_id_fcf1b3f3_fk_category_brand_id; Type: FK CONSTRAINT; Schema: public; Owner: enclopedia_administrator
--

ALTER TABLE ONLY public.product_product
    ADD CONSTRAINT product_product_brand_id_fcf1b3f3_fk_category_brand_id FOREIGN KEY (brand_id) REFERENCES public.category_brand(id) DEFERRABLE INITIALLY DEFERRED;


--
-- Name: product_product product_product_category_id_0c725779_fk_category_category_id; Type: FK CONSTRAINT; Schema: public; Owner: enclopedia_administrator
--

ALTER TABLE ONLY public.product_product
    ADD CONSTRAINT product_product_category_id_0c725779_fk_category_category_id FOREIGN KEY (category_id) REFERENCES public.category_category(id) DEFERRABLE INITIALLY DEFERRED;


--
-- Name: product_product product_product_price_id_064f753b_fk_product_price_id; Type: FK CONSTRAINT; Schema: public; Owner: enclopedia_administrator
--

ALTER TABLE ONLY public.product_product
    ADD CONSTRAINT product_product_price_id_064f753b_fk_product_price_id FOREIGN KEY (price_id) REFERENCES public.product_price(id) DEFERRABLE INITIALLY DEFERRED;


--
-- Name: product_product_tag product_product_tag_product_id_456d9764_fk_product_product_id; Type: FK CONSTRAINT; Schema: public; Owner: enclopedia_administrator
--

ALTER TABLE ONLY public.product_product_tag
    ADD CONSTRAINT product_product_tag_product_id_456d9764_fk_product_product_id FOREIGN KEY (product_id) REFERENCES public.product_product(id) DEFERRABLE INITIALLY DEFERRED;


--
-- Name: product_product_tag product_product_tag_tag_id_fe2f1952_fk_product_tag_id; Type: FK CONSTRAINT; Schema: public; Owner: enclopedia_administrator
--

ALTER TABLE ONLY public.product_product_tag
    ADD CONSTRAINT product_product_tag_tag_id_fe2f1952_fk_product_tag_id FOREIGN KEY (tag_id) REFERENCES public.product_tag(id) DEFERRABLE INITIALLY DEFERRED;


--
-- Name: product_reviewrating product_reviewrating_product_id_f1f1b7f2_fk_product_product_id; Type: FK CONSTRAINT; Schema: public; Owner: enclopedia_administrator
--

ALTER TABLE ONLY public.product_reviewrating
    ADD CONSTRAINT product_reviewrating_product_id_f1f1b7f2_fk_product_product_id FOREIGN KEY (product_id) REFERENCES public.product_product(id) DEFERRABLE INITIALLY DEFERRED;


--
-- Name: product_reviewratinggallery product_reviewrating_review_id_311ccf86_fk_product_r; Type: FK CONSTRAINT; Schema: public; Owner: enclopedia_administrator
--

ALTER TABLE ONLY public.product_reviewratinggallery
    ADD CONSTRAINT product_reviewrating_review_id_311ccf86_fk_product_r FOREIGN KEY (review_id) REFERENCES public.product_reviewrating(id) DEFERRABLE INITIALLY DEFERRED;


--
-- Name: product_reviewrating product_reviewrating_user_id_eb1639b0_fk_user_account_id; Type: FK CONSTRAINT; Schema: public; Owner: enclopedia_administrator
--

ALTER TABLE ONLY public.product_reviewrating
    ADD CONSTRAINT product_reviewrating_user_id_eb1639b0_fk_user_account_id FOREIGN KEY (user_id) REFERENCES public.user_account(id) DEFERRABLE INITIALLY DEFERRED;


--
-- Name: product_size product_size_product_id_0bc1e6fa_fk_product_product_id; Type: FK CONSTRAINT; Schema: public; Owner: enclopedia_administrator
--

ALTER TABLE ONLY public.product_size
    ADD CONSTRAINT product_size_product_id_0bc1e6fa_fk_product_product_id FOREIGN KEY (product_id) REFERENCES public.product_product(id) DEFERRABLE INITIALLY DEFERRED;


--
-- Name: product_variation product_variation_product_id_c2273cd9_fk_product_product_id; Type: FK CONSTRAINT; Schema: public; Owner: enclopedia_administrator
--

ALTER TABLE ONLY public.product_variation
    ADD CONSTRAINT product_variation_product_id_c2273cd9_fk_product_product_id FOREIGN KEY (product_id) REFERENCES public.product_product(id) DEFERRABLE INITIALLY DEFERRED;


--
-- Name: reservation_reservationitem reservation_reservat_product_id_09f41d8c_fk_product_p; Type: FK CONSTRAINT; Schema: public; Owner: enclopedia_administrator
--

ALTER TABLE ONLY public.reservation_reservationitem
    ADD CONSTRAINT reservation_reservat_product_id_09f41d8c_fk_product_p FOREIGN KEY (product_id) REFERENCES public.product_product(id) DEFERRABLE INITIALLY DEFERRED;


--
-- Name: reservation_reservationitem reservation_reservat_reservation_id_fbabf71d_fk_reservati; Type: FK CONSTRAINT; Schema: public; Owner: enclopedia_administrator
--

ALTER TABLE ONLY public.reservation_reservationitem
    ADD CONSTRAINT reservation_reservat_reservation_id_fbabf71d_fk_reservati FOREIGN KEY (reservation_id) REFERENCES public.reservation_reservation(id) DEFERRABLE INITIALLY DEFERRED;


--
-- Name: reservation_reservationitem_variation reservation_reservat_reservationitem_id_38877033_fk_reservati; Type: FK CONSTRAINT; Schema: public; Owner: enclopedia_administrator
--

ALTER TABLE ONLY public.reservation_reservationitem_variation
    ADD CONSTRAINT reservation_reservat_reservationitem_id_38877033_fk_reservati FOREIGN KEY (reservationitem_id) REFERENCES public.reservation_reservationitem(id) DEFERRABLE INITIALLY DEFERRED;


--
-- Name: reservation_reservationitem_variation reservation_reservat_variation_id_0993bcc2_fk_product_v; Type: FK CONSTRAINT; Schema: public; Owner: enclopedia_administrator
--

ALTER TABLE ONLY public.reservation_reservationitem_variation
    ADD CONSTRAINT reservation_reservat_variation_id_0993bcc2_fk_product_v FOREIGN KEY (variation_id) REFERENCES public.product_variation(id) DEFERRABLE INITIALLY DEFERRED;


--
-- Name: reservation_reservation reservation_reservation_adress_id_eff50680_fk_user_adress_id; Type: FK CONSTRAINT; Schema: public; Owner: enclopedia_administrator
--

ALTER TABLE ONLY public.reservation_reservation
    ADD CONSTRAINT reservation_reservation_adress_id_eff50680_fk_user_adress_id FOREIGN KEY (adress_id) REFERENCES public.user_adress(id) DEFERRABLE INITIALLY DEFERRED;


--
-- Name: reservation_reservation reservation_reservation_user_id_261c5876_fk_user_account_id; Type: FK CONSTRAINT; Schema: public; Owner: enclopedia_administrator
--

ALTER TABLE ONLY public.reservation_reservation
    ADD CONSTRAINT reservation_reservation_user_id_261c5876_fk_user_account_id FOREIGN KEY (user_id) REFERENCES public.user_account(id) DEFERRABLE INITIALLY DEFERRED;


--
-- Name: socialaccount_socialtoken socialaccount_social_account_id_951f210e_fk_socialacc; Type: FK CONSTRAINT; Schema: public; Owner: enclopedia_administrator
--

ALTER TABLE ONLY public.socialaccount_socialtoken
    ADD CONSTRAINT socialaccount_social_account_id_951f210e_fk_socialacc FOREIGN KEY (account_id) REFERENCES public.socialaccount_socialaccount(id) DEFERRABLE INITIALLY DEFERRED;


--
-- Name: socialaccount_socialtoken socialaccount_social_app_id_636a42d7_fk_socialacc; Type: FK CONSTRAINT; Schema: public; Owner: enclopedia_administrator
--

ALTER TABLE ONLY public.socialaccount_socialtoken
    ADD CONSTRAINT socialaccount_social_app_id_636a42d7_fk_socialacc FOREIGN KEY (app_id) REFERENCES public.socialaccount_socialapp(id) DEFERRABLE INITIALLY DEFERRED;


--
-- Name: socialaccount_socialapp_sites socialaccount_social_site_id_2579dee5_fk_django_si; Type: FK CONSTRAINT; Schema: public; Owner: enclopedia_administrator
--

ALTER TABLE ONLY public.socialaccount_socialapp_sites
    ADD CONSTRAINT socialaccount_social_site_id_2579dee5_fk_django_si FOREIGN KEY (site_id) REFERENCES public.django_site(id) DEFERRABLE INITIALLY DEFERRED;


--
-- Name: socialaccount_socialapp_sites socialaccount_social_socialapp_id_97fb6e7d_fk_socialacc; Type: FK CONSTRAINT; Schema: public; Owner: enclopedia_administrator
--

ALTER TABLE ONLY public.socialaccount_socialapp_sites
    ADD CONSTRAINT socialaccount_social_socialapp_id_97fb6e7d_fk_socialacc FOREIGN KEY (socialapp_id) REFERENCES public.socialaccount_socialapp(id) DEFERRABLE INITIALLY DEFERRED;


--
-- Name: socialaccount_socialaccount socialaccount_socialaccount_user_id_8146e70c_fk_user_account_id; Type: FK CONSTRAINT; Schema: public; Owner: enclopedia_administrator
--

ALTER TABLE ONLY public.socialaccount_socialaccount
    ADD CONSTRAINT socialaccount_socialaccount_user_id_8146e70c_fk_user_account_id FOREIGN KEY (user_id) REFERENCES public.user_account(id) DEFERRABLE INITIALLY DEFERRED;


--
-- Name: subscription_stripeaccount subscription_stripea_user_id_id_6fa9130b_fk_user_acco; Type: FK CONSTRAINT; Schema: public; Owner: enclopedia_administrator
--

ALTER TABLE ONLY public.subscription_stripeaccount
    ADD CONSTRAINT subscription_stripea_user_id_id_6fa9130b_fk_user_acco FOREIGN KEY (user_id_id) REFERENCES public.user_account(id) DEFERRABLE INITIALLY DEFERRED;


--
-- Name: user_adress user_adress_user_id_2905fab6_fk_user_account_id; Type: FK CONSTRAINT; Schema: public; Owner: enclopedia_administrator
--

ALTER TABLE ONLY public.user_adress
    ADD CONSTRAINT user_adress_user_id_2905fab6_fk_user_account_id FOREIGN KEY (user_id) REFERENCES public.user_account(id) DEFERRABLE INITIALLY DEFERRED;


--
-- Name: user_emailsubscribe user_emailsubscribe_user_id_c6b685d6_fk_user_account_id; Type: FK CONSTRAINT; Schema: public; Owner: enclopedia_administrator
--

ALTER TABLE ONLY public.user_emailsubscribe
    ADD CONSTRAINT user_emailsubscribe_user_id_c6b685d6_fk_user_account_id FOREIGN KEY (user_id) REFERENCES public.user_account(id) DEFERRABLE INITIALLY DEFERRED;


--
-- Name: user_profile user_profile_user_id_8fdce8e2_fk_user_account_id; Type: FK CONSTRAINT; Schema: public; Owner: enclopedia_administrator
--

ALTER TABLE ONLY public.user_profile
    ADD CONSTRAINT user_profile_user_id_8fdce8e2_fk_user_account_id FOREIGN KEY (user_id) REFERENCES public.user_account(id) DEFERRABLE INITIALLY DEFERRED;


--
-- PostgreSQL database dump complete
--

